Sygnatura czasowa;Twoja p³eæ:;Rok studiów;Uczelnia:;Studiujesz na Wydziale (tylko PWr):;Twoja waga (w kg);Twój wzrost (w cm);Jak czêsto spo¿ywasz alkohol? (w przybli¿eniu);Jak du¿o pijesz gdy pijesz alkohol?;Czy pracujesz?;Ile dziennie pijesz kubków kawy/napoi energetycznych? (iloœæ, w kubkach);Ile godzin dziennie œpisz?;Czy masz problemy z  bezsennoœci¹?;Jak oceniasz swój poziom stresu? ;Wada wzroku;Ile godzin w tygodniu poœwiêcasz na sport?;W jaki sposób zazwyczaj siê od¿ywiasz?;Jak oceniasz swoje zdrowie?;Ile razy w ci¹gu tego roku akademickiego by³eœ (by³aœ) tak chory (chora) ¿e nie wybra³eœ siê na zajêcia? (oko³o);Czy masz dzieci?;Gdzie mieszkasz?;Ile godzin dziennie spêdzasz przed komputerem?;Czy mo¿esz powiedzieæ, ¿e uczysz siê regularnie?;Czy jesteœ aktywny w dzia³alnoœci studenckiej? ( Uczestnictwo w dzia³aniach Kó³ Naukowych, Samorz¹du Studenckiego, organizacji studenckich, agend kultury);Ile godzin w tygodniu siê uczysz?;Czy studiujesz 2 kierunki lub wiêcej?;Jak¹ osi¹gn¹³eœ (osi¹gnê³aœ) œredni¹ w poprzednim semestrze (w przybli¿eniu)?
4-16-2016 15:42:04;Mê¿czyzna;III;Politechnika Wroc³awska;W13;90;190;Codziennie;Œrednio, lubiê czuæ siê wstawionym;Tak, na czêœæ etatu;4;6;Nie;4;Jestem krótkowidzem;0;Jem na mieœcie;3;0;Nie;Akademik;8;Nie;Tak;4;Nie;4.3
4-18-2016 11:05:02;Kobieta;I;Politechnika Wroc³awska;W11;57;170;Kilka razy w tygodniu;Du¿o, zdarza siê ¿e nie pamiêtam co robi³em/robi³am;Praca dorywcza;1;7;Sporadycznie;3;Jestem krótkowidzem;4.5;Sam gotuje/ ktoœ mi gotuje;4;0;Nie;Stancja;2;Nie;Tak;6;Nie;4
4-18-2016 11:10:28;Kobieta;II;Politechnika Wroc³awska;W11;50;162;Kilka razy w tygodniu;Œrednio, lubiê czuæ siê wstawionym;Tak, na czêœæ etatu;2;5;Sporadycznie;5;Wszystko OK;4;Sam gotuje/ ktoœ mi gotuje;3;1;Nie;Stancja;7;Nie;Nie;30;Nie;3.9
4-18-2016 11:12:35;Kobieta;II;Politechnika Wroc³awska;W11;47;168;Raz w tygodniu;Ma³o, dla smaku;Nie;0;7;Nie;4;Jestem krótkowidzem;2;Sam gotuje/ ktoœ mi gotuje;4;1;Nie;Stancja;6;Tak;Nie;40;Nie;4.4
4-18-2016 11:19:11;Kobieta;III;Politechnika Wroc³awska;W13;57;168;Raz w tygodniu;Œrednio, dla towarzystwa;Nie;0;8;Sporadycznie;3;Jestem krótkowidzem;5;Sam gotuje/ ktoœ mi gotuje;4;0;Nie;Stancja;5;Tak;Tak;4;Nie;4.75
4-18-2016 11:20:01;Mê¿czyzna;II;Politechnika Wroc³awska;W4;70;172;Rzadko;Œrednio, dla towarzystwa;Praca dorywcza;0;7;Nie;1;Wszystko OK;5;Sam gotuje/ ktoœ mi gotuje;4;0;Nie;Stancja;5;Nie;Nie;10;Nie;3.8
4-18-2016 11:22:17;Kobieta;II;Politechnika Wroc³awska;W13;55;162;Rzadko;Œrednio, dla towarzystwa;Nie;1;9;Nie;4;Jestem krótkowidzem;1;Przywo¿ê s³oiki z domu rodzinnego;4;0;Nie;Stancja;1;Tak;Nie;30;Nie;3.5
4-18-2016 11:24:02;Kobieta;IV;Politechnika Wroc³awska;W11;58;165;Raz w tygodniu;Œrednio, dla towarzystwa;Nie;2;4.5;Nie;3;Inne ( nie jestem krótkowidzem, ani dalekowidzem, ale mam wadê);2;Sam gotuje/ ktoœ mi gotuje;3;1;Nie;Stancja;8;Tak;Nie;20;Nie;4.2
4-18-2016 11:28:49;Kobieta;IV;Politechnika Wroc³awska;W11;59;169;Rzadko;Ma³o, dla smaku;Praca dorywcza;0;7;Nie;2;Jestem krótkowidzem;10;Sam gotuje/ ktoœ mi gotuje;4;1;Nie;Dom rodzinny;2;Tak;Sporadycznie;15;Tak;4
4-18-2016 11:31:28;Kobieta;II;Politechnika Wroc³awska;W13;58;176;Raz w tygodniu;Œrednio, dla towarzystwa;Nie;2;8;Sporadycznie;4;Jestem krótkowidzem;15;Sam gotuje/ ktoœ mi gotuje;4;1;Nie;Dom rodzinny;2;Tak;Sporadycznie;10;Nie;4.4
4-18-2016 11:33:52;Kobieta;I;Politechnika Wroc³awska;W11;60;167;Raz w tygodniu;Œrednio, dla towarzystwa;Nie;1;7;Nie;2;Jestem krótkowidzem;1;Sam gotuje/ ktoœ mi gotuje;3;1;Nie;Stancja;3;Nie;Tak;3;Nie;3.5
4-18-2016 11:40:02;Mê¿czyzna;III;Politechnika Wroc³awska;W11;80;175;Rzadko;Du¿o, zdarza siê ¿e nie pamiêtam co robi³em/robi³am;Tak, na ca³y etat;3;5;Tak;4;Jestem krótkowidzem;15;Jem na mieœcie;3;0;Nie;Akademik;8;Tak;Nie;10;Nie;4.5
4-18-2016 11:46:19;Kobieta;I;Politechnika Wroc³awska;W4;76;161;Rzadko;Œrednio, dla towarzystwa;Praca dorywcza;2;6;Sporadycznie;3;Jestem krótkowidzem;1.5;Sam gotuje/ ktoœ mi gotuje;2;0;Nie;Dom rodzinny;2;Nie;Nie;2.5;Nie;3.5
4-18-2016 11:57:22;Mê¿czyzna;I;Politechnika Wroc³awska;W3;84;185;Raz w tygodniu;Du¿o, zdarza siê ¿e nie pamiêtam co robi³em/robi³am;Nie;1;10;Nie;1;Wszystko OK;5;Jem na mieœcie;5;0;Nie;Stancja;15;Nie;Nie;1;Nie;4.5
4-18-2016 11:58:28;Kobieta;III;Politechnika Wroc³awska;W13;90;170;Raz-dwa w miesi¹cu;Œrednio, dla towarzystwa;Praca dorywcza;1;6;Sporadycznie;4;Jestem krótkowidzem;3;Sam gotuje/ ktoœ mi gotuje;2;5;Nie;Stancja;6;Nie;Sporadycznie;4;Nie;4.25
4-18-2016 11:59:21;Mê¿czyzna;I;Politechnika Wroc³awska;W3;77;180;Raz w tygodniu;Œrednio, lubiê czuæ siê wstawionym;Praca dorywcza;0;6;Nie;2;Wszystko OK;4;Przywo¿ê s³oiki z domu rodzinnego;4;0;Nie;Stancja;11;Nie;Sporadycznie;3;Nie;3.6
4-18-2016 12:04:00;Mê¿czyzna;III;Politechnika Wroc³awska;W13;72;187;Raz-dwa w miesi¹cu;Œrednio, dla towarzystwa;Nie;0;7;Tak;;Wszystko OK;2;Sam gotuje/ ktoœ mi gotuje;4;1;Nie;Stancja;6;Tak;Tak;30;Nie;3.8
4-18-2016 12:17:04;Mê¿czyzna;III;Politechnika Wroc³awska;W4;95;180;Jestem abstynentem/abstynentk¹;;Nie;0;9;Nie;3;Inne ( nie jestem krótkowidzem, ani dalekowidzem, ale mam wadê);0;Sam gotuje/ ktoœ mi gotuje;3;0;Nie;Dom rodzinny;6;Nie;Nie;2;Nie;3
4-18-2016 12:20:50;Mê¿czyzna;III;Politechnika Wroc³awska;W4;91;185;Rzadko;Ma³o, dla smaku;Nie;2;6;Nie;2;Wszystko OK;6;Sam gotuje/ ktoœ mi gotuje;3;0;Nie;Stancja;6;Nie;Sporadycznie;5;Nie;3.5
4-18-2016 12:25:01;Kobieta;II;Politechnika Wroc³awska;W4;69;167;Raz w tygodniu;Œrednio, dla towarzystwa;Tak, na czêœæ etatu;1;8;Nie;3;Jestem krótkowidzem;9;Jem na mieœcie;4;1;Nie;Dom rodzinny;9;Tak;Nie;7;Nie;4.5
4-18-2016 12:28:56;Mê¿czyzna;II;Politechnika Wroc³awska;W4;124;194;Raz-dwa w miesi¹cu;Œrednio, lubiê czuæ siê wstawionym;Nie;0;6;Nie;5;Jestem krótkowidzem;4;Sam gotuje/ ktoœ mi gotuje;3;0;Nie;Stancja;4;Nie;Tak;4;Nie;3
4-18-2016 12:31:32;Mê¿czyzna;II;Politechnika Wroc³awska;W4;60;166;Kilka razy w tygodniu;Œrednio, dla towarzystwa;Nie;1;7;Nie;3;Wszystko OK;14;Jem na mieœcie;5;0;Nie;Stancja;3;Tak;Nie;14;Nie;3
4-18-2016 12:39:08;Kobieta;III;Politechnika Wroc³awska;W11;55;164;Raz-dwa w miesi¹cu;Œrednio, dla towarzystwa;Praca dorywcza;0;7;Sporadycznie;2;Jestem krótkowidzem;8;Sam gotuje/ ktoœ mi gotuje;3;0;Nie;Akademik;12;Tak;Tak;35;Nie;4.11
4-18-2016 12:42:29;Kobieta;III;Politechnika Wroc³awska;W11;65;170;Raz-dwa w miesi¹cu;Œrednio, dla towarzystwa;Praca dorywcza;2;7;Nie;5;Jestem dalekowidzem;1;Sam gotuje/ ktoœ mi gotuje;4;0;Nie;Akademik;6.5;Tak;Tak;10;Nie;4
4-18-2016 12:49:30;Kobieta;I;Politechnika Wroc³awska;W13;55;167;Raz-dwa w miesi¹cu;Œrednio, lubiê czuæ siê wstawionym;Nie;2;7;Nie;5;Wszystko OK;12;Sam gotuje/ ktoœ mi gotuje;4;1;Nie;Dom rodzinny;4;Tak;Nie;12;Nie;4.5
4-18-2016 12:51:23;Kobieta;I;Politechnika Wroc³awska;W13;59;178;Raz-dwa w miesi¹cu;Œrednio, dla towarzystwa;Praca dorywcza;0;8;Sporadycznie;5;Jestem krótkowidzem;2;Sam gotuje/ ktoœ mi gotuje;3;1;Nie;Stancja;4;Tak;Sporadycznie;14;Nie;4.7
4-18-2016 12:57:45;Kobieta;I;Politechnika Wroc³awska;W13;55;165;Raz w tygodniu;Œrednio, lubiê czuæ siê wstawionym;Praca dorywcza;0;7;Sporadycznie;3;Wszystko OK;4;Sam gotuje/ ktoœ mi gotuje;3;1;Nie;Stancja;4;Nie;Sporadycznie;2;Nie;4.13
4-18-2016 12:59:50;Kobieta;I;Politechnika Wroc³awska;W13;42;152;Rzadko;Œrednio, dla towarzystwa;Nie;0;8;Nie;2;Wszystko OK;2;Przywo¿ê s³oiki z domu rodzinnego;4;1;Nie;Stancja;4;Tak;Sporadycznie;4;Nie;4
4-18-2016 13:06:08;Mê¿czyzna;I;Politechnika Wroc³awska;W9;86;184;Raz w tygodniu;Œrednio, dla towarzystwa;Nie;1;7;Nie;4;Jestem krótkowidzem;4;Przywo¿ê s³oiki z domu rodzinnego;3;1;Tak;Stancja;3;Tak;Nie;30;Nie;3.6
4-18-2016 13:08:32;Mê¿czyzna;I;Politechnika Wroc³awska;W9;66;182;Rzadko;Œrednio, dla towarzystwa;Nie;1;7;Nie;3;Wszystko OK;5;Sam gotuje/ ktoœ mi gotuje;3;0;Nie;Stancja;3;Tak;Tak;35;Nie;3.89
4-18-2016 13:12:21;Kobieta;I;Politechnika Wroc³awska;W1;58;169;Rzadko;Ma³o, dla smaku;Nie;0;6;Nie;2;Wszystko OK;3;Sam gotuje/ ktoœ mi gotuje;5;1;Nie;Akademik;2;Tak;Tak;35;Nie;4.2
4-18-2016 13:15:47;Mê¿czyzna;IV;Politechnika Wroc³awska;W4;70;173;Rzadko;Œrednio, lubiê czuæ siê wstawionym;Nie;2;6;Nie;3;Jestem krótkowidzem;3;Sam gotuje/ ktoœ mi gotuje;5;0;Nie;Akademik;4;Nie;Nie;16;Nie;4.1
4-18-2016 13:18:54;Kobieta;II;Politechnika Wroc³awska;W10;48;155;Rzadko;Œrednio, dla towarzystwa;Nie;0;8;Nie;4;Wszystko OK;0.5;Sam gotuje/ ktoœ mi gotuje;3;1;Nie;Stancja;5;Tak;Tak;30;Nie;5.14
4-18-2016 13:27:07;Kobieta;IV;Inna;;63;169;Kilka razy w tygodniu;Œrednio, dla towarzystwa;Praca dorywcza;1;7;Sporadycznie;2;Wszystko OK;0;Sam gotuje/ ktoœ mi gotuje;4;0;Nie;Stancja;8;Nie;Sporadycznie;15;Nie;4.8
4-18-2016 13:29:36;Mê¿czyzna;IV;Inna;;62;179;Raz-dwa w miesi¹cu;Œrednio, lubiê czuæ siê wstawionym;Tak, na czêœæ etatu;2;7;Sporadycznie;2;Jestem krótkowidzem;0;Sam gotuje/ ktoœ mi gotuje;4;1;Nie;Stancja;10;Nie;Sporadycznie;10;Nie;4.5
4-18-2016 13:32:59;Kobieta;I;Politechnika Wroc³awska;W1;62.5;178;Rzadko;Œrednio, lubiê czuæ siê wstawionym;Nie;0;8;Sporadycznie;5;Inne ( nie jestem krótkowidzem, ani dalekowidzem, ale mam wadê);3;Sam gotuje/ ktoœ mi gotuje;1;1;Nie;Stancja;4;Nie;Nie;10;Nie;4.3
4-18-2016 13:36:34;Kobieta;I;Politechnika Wroc³awska;W1;48;166;Jestem abstynentem/abstynentk¹;Ma³o, dla smaku;Nie;0;8;Nie;4;Wszystko OK;4;Sam gotuje/ ktoœ mi gotuje;3;0;Nie;Dom rodzinny;5;Nie;Tak;12;Nie;4.1
4-18-2016 13:41:34;Mê¿czyzna;II;Politechnika Wroc³awska;W11;68;167;Kilka razy w tygodniu;Du¿o, zdarza siê ¿e nie pamiêtam co robi³em/robi³am;Praca dorywcza;3;6;Nie;3;Jestem krótkowidzem;0;Jem na mieœcie;2;0;Nie;Stancja;8;Tak;Tak;30;Nie;4.8
4-18-2016 13:48:30;Mê¿czyzna;III;Politechnika Wroc³awska;W10;85;183;Raz-dwa w miesi¹cu;Œrednio, lubiê czuæ siê wstawionym;Tak, na czêœæ etatu;0.2;8;Nie;1;Jestem krótkowidzem;6;Sam gotuje/ ktoœ mi gotuje;3;1;Nie;Dom rodzinny;7;Tak;Tak;18;Nie;4.35
4-18-2016 13:50:51;Mê¿czyzna;III;Politechnika Wroc³awska;W10;78;183;Raz w tygodniu;Ma³o, dla smaku;Nie;1;6;Nie;3;Wszystko OK;6;Jem na mieœcie;2;1;Nie;Akademik;5;Tak;Nie;14;Nie;4.5
4-18-2016 13:54:03;Mê¿czyzna;III;Politechnika Wroc³awska;W10;91;194;Raz w tygodniu;Œrednio, dla towarzystwa;Praca dorywcza;0;7;Nie;1;Jestem krótkowidzem;2;Jem na mieœcie;4;0;Nie;Stancja;5;Tak;Nie;10;Nie;4.12
4-18-2016 13:56:54;Kobieta;studia doktoranckie;Politechnika Wroc³awska;W7;62;168;Rzadko;Œrednio, dla towarzystwa;Tak, na ca³y etat;0;8;Nie;4;Jestem krótkowidzem;4;Sam gotuje/ ktoœ mi gotuje;4;0;Nie;Dom rodzinny;9;Tak;Nie;4;Nie;5.03
4-18-2016 14:01:54;Kobieta;IV;Inna;;53;162;Raz-dwa w miesi¹cu;Œrednio, dla towarzystwa;Nie;0;7;Nie;3;Jestem krótkowidzem;2;Sam gotuje/ ktoœ mi gotuje;4;0;Nie;Stancja;5;Tak;Nie;3;Nie;4.2
4-18-2016 14:05:51;Mê¿czyzna;nie jestem studentem/studentk¹;Inna;;82;187;Raz-dwa w miesi¹cu;Œrednio, lubiê czuæ siê wstawionym;Tak, na ca³y etat;2;7;Nie;2;Wszystko OK;15;Sam gotuje/ ktoœ mi gotuje;3;0;Nie;Stancja;7;Tak;Tak;30;Nie;4.5
4-18-2016 14:17:45;Kobieta;IV;Politechnika Wroc³awska;W11;65;172;Raz w tygodniu;Œrednio, dla towarzystwa;Nie;1;7;Tak;4;Jestem krótkowidzem;1;Jem na mieœcie;3;2;Nie;Akademik;3;Nie;Tak;4;Nie;4
4-18-2016 14:18:27;Kobieta;II;Politechnika Wroc³awska;W13;50;167;Raz-dwa w miesi¹cu;Œrednio, dla towarzystwa;Nie;0;7;Nie;3;Jestem krótkowidzem;2;Sam gotuje/ ktoœ mi gotuje;4;1;Nie;Stancja;5;Tak;Tak;7;Nie;4.9
4-18-2016 14:31:27;Kobieta;III;Politechnika Wroc³awska;W11;69;173;Kilka razy w tygodniu;Œrednio, dla towarzystwa;Praca dorywcza;2;5;Sporadycznie;2;Wszystko OK;4;Sam gotuje/ ktoœ mi gotuje;4;0;Nie;Stancja;;Nie;Sporadycznie;;Nie;3.7
4-18-2016 14:36:23;Kobieta;IV;Politechnika Wroc³awska;W7;73;171;Raz w tygodniu;Œrednio, dla towarzystwa;Tak, na czêœæ etatu;0;8;Nie;3;Jestem krótkowidzem;8;Sam gotuje/ ktoœ mi gotuje;4;2;Nie;Stancja;3.5;Tak;Sporadycznie;8;Nie;4
4-18-2016 14:39:22;Mê¿czyzna;I;Politechnika Wroc³awska;W4;52;174;Jestem abstynentem/abstynentk¹;Ma³o, dla smaku;Nie;0;8;Nie;2;Wszystko OK;10;Sam gotuje/ ktoœ mi gotuje;4;1;Nie;Stancja;6;Nie;Sporadycznie;5;Nie;4.8
4-18-2016 14:47:13;Mê¿czyzna;nie jestem studentem/studentk¹;Politechnika Wroc³awska;W8;70;180;Raz w tygodniu;Ma³o, dla smaku;Nie;0;8;Sporadycznie;5;Jestem krótkowidzem;1.5;Sam gotuje/ ktoœ mi gotuje;4;1;Nie;Stancja;6;Tak;Nie;21;Nie;0
4-18-2016 14:51:49;Kobieta;I;Politechnika Wroc³awska;W8;58;164;Raz-dwa w miesi¹cu;Ma³o, dla smaku;Tak, na czêœæ etatu;2;7;Sporadycznie;3;Wszystko OK;6;Sam gotuje/ ktoœ mi gotuje;4;1;Nie;Dom rodzinny;7;Tak;Tak;25;Nie;4.7
4-18-2016 14:55:29;Kobieta;II;Politechnika Wroc³awska;W11;74;172;Raz-dwa w miesi¹cu;Œrednio, lubiê czuæ siê wstawionym;Tak, na czêœæ etatu;0;5;Nie;4;Jestem krótkowidzem;5;Sam gotuje/ ktoœ mi gotuje;4;0;Nie;Stancja;10;Nie;Sporadycznie;6;Nie;3.98
4-18-2016 14:58:37;Mê¿czyzna;studia doktoranckie;Politechnika Wroc³awska;W8;72;181;Rzadko;Ma³o, dla smaku;Tak, na ca³y etat;2;9;Nie;1;Inne ( nie jestem krótkowidzem, ani dalekowidzem, ale mam wadê);20;Sam gotuje/ ktoœ mi gotuje;4;0;Tak;Stancja;5;Tak;Tak;40;Tak;5
4-18-2016 16:51:56;Kobieta;II;Politechnika Wroc³awska;W13;68;165;Rzadko;Ma³o, dla smaku;Praca dorywcza;1;7;Nie;4;Wszystko OK;3;Sam gotuje/ ktoœ mi gotuje;4;1;Nie;Dom rodzinny;6;Tak;Tak;50;Nie;4.5
4-18-2016 17:04:26;Mê¿czyzna;II;Politechnika Wroc³awska;W13;77;181;Rzadko;Ma³o, dla smaku;Praca dorywcza;1;7;Nie;2;Jestem krótkowidzem;3;Sam gotuje/ ktoœ mi gotuje;4;1;Nie;Dom rodzinny;5;Tak;Tak;5;Nie;4.5
4-18-2016 17:06:20;Kobieta;III;Politechnika Wroc³awska;W13;52;158;Raz w tygodniu;Œrednio, lubiê czuæ siê wstawionym;Tak, na czêœæ etatu;0;6;Nie;2;Jestem krótkowidzem;3;Sam gotuje/ ktoœ mi gotuje;4;5;Nie;Stancja;9;Nie;Tak;3;Nie;4
4-18-2016 17:06:31;Mê¿czyzna;III;Politechnika Wroc³awska;W8;85;192;Raz w tygodniu;Œrednio, lubiê czuæ siê wstawionym;Nie;0;8;Nie;2;Wszystko OK;0;Sam gotuje/ ktoœ mi gotuje;4;1;Nie;Stancja;10;Nie;Nie;0;Nie;
4-18-2016 17:28:07;Kobieta;II;Politechnika Wroc³awska;W13;60;182;Jestem abstynentem/abstynentk¹;;Praca dorywcza;0;6;Nie;3;Jestem dalekowidzem;0;Jem na mieœcie;4;1;Nie;Stancja;4.5;Tak;Tak;20;Nie;4.68
4-18-2016 17:28:36;Kobieta;II;Politechnika Wroc³awska;W13;60;162;Rzadko;Œrednio, lubiê czuæ siê wstawionym;Praca dorywcza;2;6;Nie;5;Wszystko OK;12;Sam gotuje/ ktoœ mi gotuje;3;1;Nie;Stancja;5;Tak;Sporadycznie;35;Nie;5.08
4-18-2016 18:50:56;Kobieta;III;Politechnika Wroc³awska;W13;50;162;Raz w tygodniu;Ma³o, dla smaku;Tak, na czêœæ etatu;1;6;Nie;3;Jestem krótkowidzem;4;Sam gotuje/ ktoœ mi gotuje;4;0;Nie;Stancja;10;Tak;Nie;12;Nie;4.3
4-18-2016 19:23:53;Mê¿czyzna;I;Politechnika Wroc³awska;W13;64;182;Raz w tygodniu;Œrednio, dla towarzystwa;Nie;0;7;Nie;2;Jestem krótkowidzem;;Sam gotuje/ ktoœ mi gotuje;4;1;Nie;Dom rodzinny;4;Nie;Tak;3;Nie;4.41
4-18-2016 21:31:06;Mê¿czyzna;V;Uniwersytet Wroc³awski;;73;176;Kilka razy w tygodniu;Œrednio, dla towarzystwa;Nie;1;7;Tak;5;Wszystko OK;1;Sam gotuje/ ktoœ mi gotuje;3;10;Nie;Stancja;7;Nie;Tak;10;Nie;4.5
4-18-2016 22:05:21;Mê¿czyzna;IV;Politechnika Wroc³awska;W10;85;172;Raz w tygodniu;Ma³o, dla smaku;Nie;3;7;Tak;4;Wszystko OK;3;Sam gotuje/ ktoœ mi gotuje;3;0;Nie;Stancja;8;Tak;Tak;;Nie;4.82
4-18-2016 22:05:53;Mê¿czyzna;nie jestem studentem/studentk¹;Politechnika Wroc³awska;W10;85;180;Kilka razy w tygodniu;Œrednio, lubiê czuæ siê wstawionym;Tak, na ca³y etat;2;8;Nie;3;Inne ( nie jestem krótkowidzem, ani dalekowidzem, ale mam wadê);2;Sam gotuje/ ktoœ mi gotuje;3;0;Nie;Stancja;4;Nie;Nie;0;Nie;3.7
4-18-2016 22:06:26;Kobieta;II;Politechnika Wroc³awska;W3;55;166;Raz-dwa w miesi¹cu;Ma³o, dla smaku;Nie;1;6;Tak;4;Jestem krótkowidzem;1;Sam gotuje/ ktoœ mi gotuje;3;0;Nie;Stancja;3;Tak;Tak;10;Nie;4.02
4-18-2016 22:06:43;Mê¿czyzna;I;Politechnika Wroc³awska;W10;66;181;Raz-dwa w miesi¹cu;Ma³o, dla smaku;Nie;1;8;Sporadycznie;4;Wszystko OK;4;Sam gotuje/ ktoœ mi gotuje;4;0;Nie;Stancja;5;Tak;Nie;20;Nie;4
4-18-2016 22:07:29;Mê¿czyzna;I;Politechnika Wroc³awska;W10;67.5;186;Raz-dwa w miesi¹cu;Œrednio, dla towarzystwa;Tak, na czêœæ etatu;1;7;Nie;3;Wszystko OK;6;Sam gotuje/ ktoœ mi gotuje;4;0;Nie;Stancja;6;Tak;Tak;10;Nie;4.1
4-18-2016 22:07:33;Kobieta;IV;Inna;;73;162;Kilka razy w tygodniu;Œrednio, dla towarzystwa;Nie;2;7;Sporadycznie;3;Jestem dalekowidzem;8;Sam gotuje/ ktoœ mi gotuje;5;1;Nie;Stancja;3;Nie;Tak;3;Nie;4.4
4-18-2016 22:07:46;Kobieta;I;Politechnika Wroc³awska;W11;59;169;Rzadko;Œrednio, dla towarzystwa;Nie;0;7;Nie;3;Wszystko OK;15;Sam gotuje/ ktoœ mi gotuje;4;0;Nie;Stancja;5;Tak;Sporadycznie;40;Nie;4
4-18-2016 22:07:49;Kobieta;IV;Politechnika Wroc³awska;W2;49;166;Raz-dwa w miesi¹cu;Œrednio, dla towarzystwa;Nie;1;6;Nie;3;Jestem krótkowidzem;3;Sam gotuje/ ktoœ mi gotuje;4;1;Nie;Stancja;7;Tak;Sporadycznie;20;Nie;4.9
4-18-2016 22:08:59;Kobieta;IV;Politechnika Wroc³awska;W8;70;165;Raz-dwa w miesi¹cu;Œrednio, dla towarzystwa;Praca dorywcza;0;10;Sporadycznie;2;Inne ( nie jestem krótkowidzem, ani dalekowidzem, ale mam wadê);0;Sam gotuje/ ktoœ mi gotuje;3;0;Nie;Dom rodzinny;5;Nie;Nie;1;Nie;4.32
4-18-2016 22:09:41;Kobieta;IV;Politechnika Wroc³awska;W1;64;166;Raz-dwa w miesi¹cu;Œrednio, dla towarzystwa;Praca dorywcza;1;8;Nie;4;Jestem dalekowidzem;1;Sam gotuje/ ktoœ mi gotuje;3;1;Nie;Akademik;4;Nie;Nie;15;Nie;4.7
4-18-2016 22:09:48;Kobieta;V;Inna;;60;168;Raz-dwa w miesi¹cu;Œrednio, dla towarzystwa;Praca dorywcza;1;8;Sporadycznie;4;Wszystko OK;12;Sam gotuje/ ktoœ mi gotuje;5;0;Nie;Akademik;4;Tak;Nie;;Nie;4
4-18-2016 22:11:38;Mê¿czyzna;I;Politechnika Wroc³awska;W10;80;185;Kilka razy w tygodniu;Œrednio, dla towarzystwa;Nie;0;6;Sporadycznie;3;Jestem krótkowidzem;0;Jem na mieœcie;2;0;Nie;Stancja;6;Tak;Nie;10;Nie;3.8
4-18-2016 22:13:22;Kobieta;V;Politechnika Wroc³awska;W3;65;155;Raz-dwa w miesi¹cu;Œrednio, dla towarzystwa;Nie;1;6;Nie;4;Inne ( nie jestem krótkowidzem, ani dalekowidzem, ale mam wadê);2;Sam gotuje/ ktoœ mi gotuje;3;0;Nie;Stancja;2;Nie;Tak;5;Tak;4.7
4-18-2016 22:14:39;Mê¿czyzna;V;Politechnika Wroc³awska;W6;67;182;Raz w tygodniu;Œrednio, dla towarzystwa;Tak, na czêœæ etatu;0;7;Sporadycznie;3;Jestem dalekowidzem;5;Sam gotuje/ ktoœ mi gotuje;4;0;Nie;Stancja;8;Nie;Tak;3;Tak;4.4
4-18-2016 22:14:47;Kobieta;IV;Politechnika Wroc³awska;W11;48;152;Raz-dwa w miesi¹cu;Œrednio, dla towarzystwa;Praca dorywcza;1;9;Nie;4;Wszystko OK;1;Sam gotuje/ ktoœ mi gotuje;3;0;Nie;Stancja;6;Nie;Sporadycznie;2;Nie;3.64
4-18-2016 22:14:53;Mê¿czyzna;III;Politechnika Wroc³awska;W11;55;178;Rzadko;Œrednio, dla towarzystwa;Tak, na ca³y etat;0;6;Nie;2;Jestem krótkowidzem;6;Sam gotuje/ ktoœ mi gotuje;3;1;Nie;Stancja;10;Tak;Tak;4;Nie;
4-18-2016 22:16:15;Kobieta;II;Politechnika Wroc³awska;W5;60;166;Rzadko;Œrednio, dla towarzystwa;Nie;0;9;Nie;1;Wszystko OK;7;Sam gotuje/ ktoœ mi gotuje;5;0;Nie;Stancja;0.5;Nie;Nie;4;Nie;3.7
4-18-2016 22:16:49;Kobieta;III;Politechnika Wroc³awska;W3;50;155;Raz w tygodniu;Ma³o, dla smaku;Nie;3;7;Sporadycznie;3;Jestem krótkowidzem;7;Przywo¿ê s³oiki z domu rodzinnego;4;0;Nie;Akademik;9;Nie;Nie;35;Nie;3.7
4-18-2016 22:17:13;Kobieta;III;Politechnika Wroc³awska;W11;60;162;Raz-dwa w miesi¹cu;Œrednio, lubiê czuæ siê wstawionym;Praca dorywcza;2;4;Sporadycznie;4;Jestem krótkowidzem;3;Sam gotuje/ ktoœ mi gotuje;3;0;Nie;Stancja;7;Tak;Nie;20;Tak;3.5
4-18-2016 22:17:21;Kobieta;III;Politechnika Wroc³awska;W11;65;170;Raz-dwa w miesi¹cu;Œrednio, dla towarzystwa;Tak, na czêœæ etatu;1;7;Sporadycznie;2;Wszystko OK;2;Sam gotuje/ ktoœ mi gotuje;3;1;Nie;Dom rodzinny;2;Nie;Nie;2;Nie;3.5
4-18-2016 22:18:14;Mê¿czyzna;III;Politechnika Wroc³awska;W11;73;176;Kilka razy w tygodniu;Ma³o, dla smaku;Praca dorywcza;1;7;Sporadycznie;3;Jestem krótkowidzem;4;Sam gotuje/ ktoœ mi gotuje;4;0;Nie;Stancja;3;Nie;Sporadycznie;2;Nie;3.8
4-18-2016 22:18:47;Kobieta;V;Politechnika Wroc³awska;W7;65;180;Raz w tygodniu;Œrednio, dla towarzystwa;Praca dorywcza;1;8;Nie;4;Jestem dalekowidzem;2;Sam gotuje/ ktoœ mi gotuje;4;2;Nie;Stancja;4;Nie;Tak;5;Nie;3.8
4-18-2016 22:18:50;Kobieta;III;Politechnika Wroc³awska;W11;75;172;Rzadko;Œrednio, dla towarzystwa;Praca dorywcza;0.5;5.5;Nie;2;Jestem dalekowidzem;1;Sam gotuje/ ktoœ mi gotuje;4;0;Nie;Stancja;8;Tak;Tak;10;Nie;4.4
4-18-2016 22:19:01;Kobieta;IV;Politechnika Wroc³awska;W3;60;175;Rzadko;Œrednio, dla towarzystwa;Nie;0;9;Sporadycznie;4;Jestem krótkowidzem;3;Sam gotuje/ ktoœ mi gotuje;3;2;Nie;Stancja;6;Tak;Sporadycznie;8;Nie;4.04
4-18-2016 22:19:16;Kobieta;I;Politechnika Wroc³awska;W13;55;165;Kilka razy w tygodniu;Œrednio, dla towarzystwa;Nie;1.5;6;Nie;2;Jestem dalekowidzem;;Sam gotuje/ ktoœ mi gotuje;5;0;Nie;Stancja;1;Tak;Tak;3.5;Nie;4.6
4-18-2016 22:20:11;Kobieta;I;Uniwersytet SWPS;W4;63;168;Raz-dwa w miesi¹cu;Œrednio, lubiê czuæ siê wstawionym;Nie;2;8;Nie;3;Jestem krótkowidzem;8;Sam gotuje/ ktoœ mi gotuje;3;2;Nie;Akademik;3;Nie;Nie;2;Nie;5.2
4-18-2016 22:20:31;Mê¿czyzna;IV;Politechnika Wroc³awska;W7;86;178;Raz-dwa w miesi¹cu;Ma³o, dla smaku;Nie;0;8;Nie;3;Wszystko OK;1;Sam gotuje/ ktoœ mi gotuje;;;Nie;Stancja;8;Tak;Tak;3;Nie;4.6
4-18-2016 22:21:43;Kobieta;III;Politechnika Wroc³awska;W6;74;186;Raz w tygodniu;Œrednio, lubiê czuæ siê wstawionym;Nie;1;6;Nie;3;Wszystko OK;0;Jem na mieœcie;3;1;Nie;Akademik;7;Nie;Tak;7;Nie;3.8
4-18-2016 22:21:45;Kobieta;III;Politechnika Wroc³awska;W13;55;162;Rzadko;Œrednio, dla towarzystwa;Nie;0;7;Sporadycznie;2;Wszystko OK;0;Sam gotuje/ ktoœ mi gotuje;;1;Nie;Stancja;6;Nie;Sporadycznie;5;Nie;3.5
4-18-2016 22:23:16;Kobieta;II;Politechnika Wroc³awska;W11;72;160;Raz-dwa w miesi¹cu;Œrednio, dla towarzystwa;Nie;0;7;Nie;3;Jestem krótkowidzem;3;Sam gotuje/ ktoœ mi gotuje;3;0;Nie;Akademik;5;Nie;Nie;10;Nie;4.35
4-18-2016 22:23:42;Kobieta;II;Politechnika Wroc³awska;W8;55;166;Kilka razy w tygodniu;Œrednio, lubiê czuæ siê wstawionym;Praca dorywcza;1;;Sporadycznie;4;Jestem krótkowidzem;3.5;Sam gotuje/ ktoœ mi gotuje;3;1;Nie;Dom rodzinny;10;Nie;Tak;;Nie;4.3
4-18-2016 22:25:09;Mê¿czyzna;III;Politechnika Wroc³awska;W6;83;183;Raz-dwa w miesi¹cu;Œrednio, dla towarzystwa;Praca dorywcza;0;8;Nie;3;Wszystko OK;8;Sam gotuje/ ktoœ mi gotuje;4;1;Nie;Dom rodzinny;5;Tak;Tak;8;Nie;3.8
4-18-2016 22:25:45;Kobieta;III;Politechnika Wroc³awska;W8;75;170;Raz w tygodniu;Œrednio, dla towarzystwa;Nie;0;6;Nie;3;Jestem krótkowidzem;4;Sam gotuje/ ktoœ mi gotuje;4;0;Nie;Dom rodzinny;5;Tak;Tak;10;Nie;4.5
4-18-2016 22:26:56;Mê¿czyzna;I;Politechnika Wroc³awska;W13;115;200;Raz w tygodniu;Œrednio, dla towarzystwa;Nie;0;8;Tak;2;Wszystko OK;8;Sam gotuje/ ktoœ mi gotuje;4;0;Nie;Stancja;5;Nie;Sporadycznie;4;Nie;3.5
4-18-2016 22:27:02;Kobieta;III;Politechnika Wroc³awska;W13;51;162;Raz w tygodniu;Œrednio, dla towarzystwa;Nie;2;6;Sporadycznie;3;Jestem krótkowidzem;3;Sam gotuje/ ktoœ mi gotuje;4;0;Nie;Stancja;5;Tak;Tak;15;Nie;3.8
4-18-2016 22:27:18;Mê¿czyzna;III;Politechnika Wroc³awska;W13;100;190;Raz-dwa w miesi¹cu;Œrednio, lubiê czuæ siê wstawionym;Nie;0;8;Sporadycznie;4;Jestem krótkowidzem;1;Sam gotuje/ ktoœ mi gotuje;2;10;Nie;Stancja;10;Nie;Nie;5;Nie;3.5
4-18-2016 22:27:25;Mê¿czyzna;II;Politechnika Wroc³awska;W13;91;181;Raz-dwa w miesi¹cu;Œrednio, dla towarzystwa;Praca dorywcza;1;9;Nie;3;Jestem krótkowidzem;1;Sam gotuje/ ktoœ mi gotuje;4;2;Nie;Dom rodzinny;4;Nie;Nie;5;Nie;3.7
4-18-2016 22:28:13;Kobieta;II;Politechnika Wroc³awska;W9;70;172;Raz-dwa w miesi¹cu;Œrednio, lubiê czuæ siê wstawionym;Nie;1;7;Nie;5;Wszystko OK;0;Sam gotuje/ ktoœ mi gotuje;3;0;Nie;Stancja;5;Nie;Nie;5;Nie;3
4-18-2016 22:29:04;Kobieta;II;Politechnika Wroc³awska;W10;56;174;Raz-dwa w miesi¹cu;Œrednio, lubiê czuæ siê wstawionym;Nie;0;;Nie;3;Wszystko OK;5;Jem na mieœcie;4;1;Nie;Stancja;4;Nie;Sporadycznie;3;Nie;3.9
4-18-2016 22:29:04;Mê¿czyzna;I;Politechnika Wroc³awska;W13;81;173;Kilka razy w tygodniu;Ma³o, dla smaku;Nie;1.5;7.5;Nie;2;Jestem krótkowidzem;0;Przywo¿ê s³oiki z domu rodzinnego;4;0;Nie;Stancja;8;Tak;Nie;8;Nie;3.5
4-18-2016 22:29:15;Kobieta;IV;Politechnika Wroc³awska;W13;45;156;Jestem abstynentem/abstynentk¹;;Praca dorywcza;0;4;Nie;4;Inne ( nie jestem krótkowidzem, ani dalekowidzem, ale mam wadê);0;Jem na mieœcie;2;2;Nie;Stancja;5;Nie;Tak;10;Nie;4
4-18-2016 22:29:42;Kobieta;III;Politechnika Wroc³awska;W13;57;157;Raz-dwa w miesi¹cu;Œrednio, dla towarzystwa;Tak, na czêœæ etatu;0;7;Nie;4;Jestem krótkowidzem;0;Sam gotuje/ ktoœ mi gotuje;3;2;Nie;Dom rodzinny;3;Nie;Nie;6;Nie;
4-18-2016 22:30:17;Mê¿czyzna;I;Politechnika Wroc³awska;;62;179;Rzadko;Du¿o, zdarza siê ¿e nie pamiêtam co robi³em/robi³am;Praca dorywcza;0;7;Nie;4;Jestem krótkowidzem;7.5;Jem na mieœcie;4;1;Nie;Dom rodzinny;2;Nie;Nie;1;Nie;3.2
4-18-2016 22:30:18;Kobieta;V;Politechnika Wroc³awska;W13;68;171;Raz-dwa w miesi¹cu;Œrednio, dla towarzystwa;Nie;2;8;Nie;3;Jestem krótkowidzem;0;Sam gotuje/ ktoœ mi gotuje;5;0;Nie;Stancja;6;Nie;Nie;2;Nie;4.2
4-18-2016 22:30:23;Kobieta;III;Politechnika Wroc³awska;W11;58;160;Raz w tygodniu;Œrednio, lubiê czuæ siê wstawionym;Nie;3;5;Nie;5;Wszystko OK;0.5;Jem na mieœcie;4;2;Nie;Dom rodzinny;6;Nie;Tak;21;Nie;3.5
4-18-2016 22:30:25;Kobieta;I;Politechnika Wroc³awska;W13;68;172;Kilka razy w tygodniu;Ma³o, dla smaku;Nie;0;7;Sporadycznie;1;Jestem dalekowidzem;8;Sam gotuje/ ktoœ mi gotuje;4;0;Nie;Stancja;3;Nie;Nie;0;Nie;4
4-18-2016 22:30:59;Kobieta;I;Politechnika Wroc³awska;W4;62;162;Raz-dwa w miesi¹cu;Ma³o, dla smaku;Nie;0;7;Nie;4;Jestem krótkowidzem;8;Sam gotuje/ ktoœ mi gotuje;3;0;Nie;Akademik;4;Nie;Nie;10;Nie;3.2
4-18-2016 22:31:19;Kobieta;II;Politechnika Wroc³awska;W12;68;175;Rzadko;Œrednio, dla towarzystwa;Tak, na czêœæ etatu;1;5;Sporadycznie;4;Inne ( nie jestem krótkowidzem, ani dalekowidzem, ale mam wadê);10;Sam gotuje/ ktoœ mi gotuje;3;2;Nie;Stancja;5;Nie;Tak;16;Nie;4.5
4-18-2016 22:32:17;Mê¿czyzna;I;Politechnika Wroc³awska;W13;84;188;Kilka razy w tygodniu;Œrednio, lubiê czuæ siê wstawionym;Nie;0;7;Nie;2;Jestem krótkowidzem;2;Jem na mieœcie;4;0;Nie;Stancja;4;Tak;Tak;10;Tak;4.3
4-18-2016 22:33:08;Kobieta;I;Politechnika Wroc³awska;W5;60;172;Jestem abstynentem/abstynentk¹;;Praca dorywcza;0;5;Nie;4;Wszystko OK;7;Sam gotuje/ ktoœ mi gotuje;5;0;Nie;Stancja;3;Tak;Tak;14;Nie;4.4
4-18-2016 22:33:10;Mê¿czyzna;II;Politechnika Wroc³awska;W12;83;180;Raz w tygodniu;Du¿o, zdarza siê ¿e nie pamiêtam co robi³em/robi³am;Nie;1;8;Nie;2;Wszystko OK;5;Sam gotuje/ ktoœ mi gotuje;3;1;Nie;Stancja;2;Nie;Nie;1;Nie;3
4-18-2016 22:33:14;Kobieta;I;Politechnika Wroc³awska;W13;65;172;Jestem abstynentem/abstynentk¹;;Nie;0;8;Sporadycznie;3;Jestem krótkowidzem;7;Sam gotuje/ ktoœ mi gotuje;5;0;Nie;Stancja;3;Tak;Nie;10;Nie;3.9
4-18-2016 22:33:32;Kobieta;I;Politechnika Wroc³awska;W12;50;163;Raz w tygodniu;Œrednio, dla towarzystwa;Praca dorywcza;2;7;Nie;3;Wszystko OK;3;Sam gotuje/ ktoœ mi gotuje;4;0;Nie;Stancja;10;Tak;Nie;21;Nie;3.9
4-18-2016 22:33:37;Kobieta;I;Politechnika Wroc³awska;W13;55;165;Raz w tygodniu;Œrednio, dla towarzystwa;Praca dorywcza;1;6;Nie;4;Wszystko OK;4;Sam gotuje/ ktoœ mi gotuje;4;0;Nie;Dom rodzinny;3;Tak;Tak;8;Nie;4
4-18-2016 22:33:47;Kobieta;IV;Inna;;57;171;Raz w tygodniu;Œrednio, dla towarzystwa;Tak, na czêœæ etatu;0;8.5;Nie;4;Jestem krótkowidzem;4;Sam gotuje/ ktoœ mi gotuje;4;2;Nie;Stancja;3;Tak;Nie;3;Nie;4.6
4-18-2016 22:34:41;Kobieta;IV;Politechnika Wroc³awska;W12;57;163;Rzadko;Ma³o, dla smaku;Nie;3;5;Nie;5;Wszystko OK;1;Sam gotuje/ ktoœ mi gotuje;2;6;Nie;Stancja;10;Tak;Tak;70;Nie;5.22
4-18-2016 22:34:57;Kobieta;III;Politechnika Wroc³awska;W12;64;171;Raz-dwa w miesi¹cu;Œrednio, lubiê czuæ siê wstawionym;Praca dorywcza;2;6;Nie;4;Jestem krótkowidzem;8;Sam gotuje/ ktoœ mi gotuje;3;1;Nie;Dom rodzinny;4;Tak;Nie;14;Nie;4
4-18-2016 22:35:07;Mê¿czyzna;I;Politechnika Wroc³awska;W11;72;180;Rzadko;Œrednio, dla towarzystwa;Nie;0;8;Sporadycznie;5;Wszystko OK;7;Sam gotuje/ ktoœ mi gotuje;4;0;Nie;Stancja;5;Tak;Nie;20;Nie;4.8
4-18-2016 22:36:07;Mê¿czyzna;III;Politechnika Wroc³awska;W12;116;191;Rzadko;Œrednio, dla towarzystwa;Tak, na czêœæ etatu;0;;Tak;4;Jestem krótkowidzem;;Sam gotuje/ ktoœ mi gotuje;3;0;Nie;Stancja;;Nie;Sporadycznie;;Nie;4
4-18-2016 22:36:09;Kobieta;I;Uniwersytet Wroc³awski;;59;170;Raz-dwa w miesi¹cu;Œrednio, dla towarzystwa;Nie;2;8;Nie;5;Jestem krótkowidzem;0;Sam gotuje/ ktoœ mi gotuje;2;5;Nie;Stancja;2;Nie;Sporadycznie;4;Nie;3.5
4-18-2016 22:36:19;Mê¿czyzna;III;Politechnika Wroc³awska;W12;73.8;177;Raz-dwa w miesi¹cu;Œrednio, lubiê czuæ siê wstawionym;Nie;1;6.5;Nie;4;Jestem krótkowidzem;2;Sam gotuje/ ktoœ mi gotuje;4;1;Nie;Stancja;6;Tak;Tak;12;Nie;4
4-18-2016 22:36:28;Kobieta;III;Inna;;49;157;Kilka razy w tygodniu;Du¿o, zdarza siê ¿e nie pamiêtam co robi³em/robi³am;Praca dorywcza;0;7;Nie;2;Jestem krótkowidzem;2;Sam gotuje/ ktoœ mi gotuje;4;1;Nie;Akademik;2.5;Nie;Tak;10;Nie;3.5
4-18-2016 22:37:19;Mê¿czyzna;IV;Politechnika Wroc³awska;W8;62;170;Raz w tygodniu;Œrednio, dla towarzystwa;Tak, na czêœæ etatu;2;6;Sporadycznie;4;Wszystko OK;2;Sam gotuje/ ktoœ mi gotuje;3;0;Nie;Stancja;10;Nie;Nie;6;Nie;4
4-18-2016 22:37:25;Kobieta;II;Politechnika Wroc³awska;W3;80;178;Rzadko;Œrednio, dla towarzystwa;Nie;2;8;Nie;4;Jestem krótkowidzem;6;Sam gotuje/ ktoœ mi gotuje;4;0;Nie;Stancja;5;Tak;Tak;10;Nie;4.2
4-18-2016 22:37:37;Kobieta;III;Politechnika Wroc³awska;W13;53;175;Jestem abstynentem/abstynentk¹;;Nie;0;6.5;Sporadycznie;4;Jestem krótkowidzem;3;Sam gotuje/ ktoœ mi gotuje;4;0;Nie;Stancja;6;Tak;Nie;22.5;Tak;4
4-18-2016 22:37:55;Kobieta;I;Politechnika Wroc³awska;W13;57;176;Raz-dwa w miesi¹cu;Œrednio, dla towarzystwa;Nie;1;8;Nie;3;Wszystko OK;2;Sam gotuje/ ktoœ mi gotuje;3;0;Nie;Stancja;3;Nie;Nie;4;Nie;3.8
4-18-2016 22:38:25;Kobieta;III;Politechnika Wroc³awska;W12;60;172;Raz w tygodniu;Œrednio, lubiê czuæ siê wstawionym;Nie;0.5;6;Sporadycznie;4;Jestem krótkowidzem;6;Sam gotuje/ ktoœ mi gotuje;3;2;Nie;Stancja;5;Tak;Tak;7;Nie;4.23
4-18-2016 22:38:52;Kobieta;I;Politechnika Wroc³awska;W13;49;164;Raz-dwa w miesi¹cu;Œrednio, dla towarzystwa;Nie;0;6;Nie;4;Jestem krótkowidzem;1;Sam gotuje/ ktoœ mi gotuje;3;0;Nie;Stancja;3;Nie;Nie;5;Nie;4.25
4-18-2016 22:39:01;Kobieta;I;Politechnika Wroc³awska;W13;55;169;Raz-dwa w miesi¹cu;Œrednio, dla towarzystwa;Nie;0;7;Sporadycznie;3;Wszystko OK;2;Sam gotuje/ ktoœ mi gotuje;3;2;Nie;Stancja;3;Nie;Nie;5;Nie;3.7
4-18-2016 22:39:05;Kobieta;I;Politechnika Wroc³awska;W13;57;161;Rzadko;Œrednio, dla towarzystwa;Nie;0;8;Nie;3;Wszystko OK;0;Sam gotuje/ ktoœ mi gotuje;3;0;Nie;Stancja;6;Nie;Nie;2;Nie;3.8
4-18-2016 22:39:22;Mê¿czyzna;IV;Politechnika Wroc³awska;W12;85;175;Raz-dwa w miesi¹cu;Œrednio, dla towarzystwa;Tak, na ca³y etat;0;6;Nie;2;Jestem krótkowidzem;3;Jem na mieœcie;3;0;Nie;Stancja;14;Nie;Sporadycznie;6;Nie;4.6
4-18-2016 22:40:18;Mê¿czyzna;I;Politechnika Wroc³awska;W4;105;178;Kilka razy w tygodniu;Œrednio, dla towarzystwa;Nie;2;9;Nie;1;Wszystko OK;6;Sam gotuje/ ktoœ mi gotuje;4;1;Nie;Stancja;;Nie;Nie;;Tak;3.67
4-18-2016 22:40:33;Kobieta;IV;Politechnika Wroc³awska;W3;59;170;Raz-dwa w miesi¹cu;Œrednio, dla towarzystwa;Nie;2;5;Tak;4;Jestem krótkowidzem;3;Sam gotuje/ ktoœ mi gotuje;3;0;Nie;Akademik;6;Tak;Tak;20;Nie;4
4-18-2016 22:43:53;Kobieta;V;Politechnika Wroc³awska;W11;52;162;Raz w tygodniu;Œrednio, dla towarzystwa;Praca dorywcza;0;6;Sporadycznie;4;Jestem krótkowidzem;3;Jem na mieœcie;3;1;Nie;Stancja;7;Nie;Tak;6;Nie;4.3
4-18-2016 22:44:29;Mê¿czyzna;II;Politechnika Wroc³awska;W13;100;181;Raz w tygodniu;Ma³o, dla smaku;Nie;1;8;Sporadycznie;4;Inne ( nie jestem krótkowidzem, ani dalekowidzem, ale mam wadê);6;Sam gotuje/ ktoœ mi gotuje;3;1;Nie;Stancja;6;Tak;Sporadycznie;15;Nie;4.2
4-18-2016 22:45:14;Kobieta;IV;Politechnika Wroc³awska;W12;59;158;Raz w tygodniu;Œrednio, dla towarzystwa;Nie;1;7;Sporadycznie;3;Jestem krótkowidzem;3.5;Sam gotuje/ ktoœ mi gotuje;4;0;Nie;Stancja;3;Tak;Tak;10;Nie;4.94
4-18-2016 22:45:53;Kobieta;I;Politechnika Wroc³awska;W12;55;165;Rzadko;Œrednio, lubiê czuæ siê wstawionym;Tak, na czêœæ etatu;2;6;Sporadycznie;3;Wszystko OK;4;Sam gotuje/ ktoœ mi gotuje;4;0;Nie;Dom rodzinny;6;Nie;Nie;5;Nie;3.5
4-18-2016 22:48:33;Mê¿czyzna;I;Politechnika Wroc³awska;W10;74;178;Raz-dwa w miesi¹cu;Œrednio, lubiê czuæ siê wstawionym;Praca dorywcza;1;8;Sporadycznie;3;Wszystko OK;3;Sam gotuje/ ktoœ mi gotuje;4;1;Nie;Stancja;4;Nie;Nie;15;Nie;3.68
4-18-2016 22:49:43;Kobieta;IV;Politechnika Wroc³awska;W6;61;170;Rzadko;Ma³o, dla smaku;Nie;0;7;Tak;4;Jestem krótkowidzem;4;Sam gotuje/ ktoœ mi gotuje;4;1;Nie;Dom rodzinny;5;Nie;Tak;4;Nie;4.8
4-18-2016 22:50:30;Kobieta;I;Politechnika Wroc³awska;W13;60;173;Raz w tygodniu;Œrednio, dla towarzystwa;Praca dorywcza;1;6;Sporadycznie;4;Inne ( nie jestem krótkowidzem, ani dalekowidzem, ale mam wadê);6;Sam gotuje/ ktoœ mi gotuje;4;2;Nie;Dom rodzinny;1;Nie;Nie;10;Nie;3.8
4-18-2016 22:53:52;Kobieta;I;Politechnika Wroc³awska;W6;57;160;Raz-dwa w miesi¹cu;Œrednio, dla towarzystwa;Praca dorywcza;0;5;Sporadycznie;3;Wszystko OK;4;Sam gotuje/ ktoœ mi gotuje;5;1;Nie;Stancja;8;Nie;Tak;5;Nie;4
4-18-2016 22:54:50;Mê¿czyzna;II;Politechnika Wroc³awska;W12;84;178;Raz-dwa w miesi¹cu;Du¿o, zdarza siê ¿e nie pamiêtam co robi³em/robi³am;Nie;12;8;Nie;5;Inne ( nie jestem krótkowidzem, ani dalekowidzem, ale mam wadê);6;Sam gotuje/ ktoœ mi gotuje;5;0;Nie;Stancja;5;Nie;Nie;2;Nie;3.5
4-18-2016 22:55:36;Mê¿czyzna;III;Politechnika Wroc³awska;W10;77;175;Kilka razy w tygodniu;Œrednio, lubiê czuæ siê wstawionym;Praca dorywcza;2;6;Nie;3;Wszystko OK;9;Sam gotuje/ ktoœ mi gotuje;4;0;Nie;Dom rodzinny;10;Nie;Tak;12;Tak;4.3
4-18-2016 22:56:22;Kobieta;V;Politechnika Wroc³awska;W3;58;160;Raz-dwa w miesi¹cu;Œrednio, dla towarzystwa;Nie;;7;Sporadycznie;3;Wszystko OK;;Sam gotuje/ ktoœ mi gotuje;3;0;Nie;Stancja;;Nie;Nie;4.5;Nie;4.2
4-18-2016 22:57:26;Mê¿czyzna;III;Politechnika Wroc³awska;W12;87;184;Kilka razy w tygodniu;Œrednio, lubiê czuæ siê wstawionym;Praca dorywcza;1;6;Sporadycznie;5;Wszystko OK;0;Jem na mieœcie;3;1;Nie;Stancja;15;Nie;Nie;30;Nie;4
4-18-2016 22:58:46;Kobieta;V;Politechnika Wroc³awska;W3;61;173;Raz-dwa w miesi¹cu;Ma³o, dla smaku;Nie;0;8;Sporadycznie;3;Jestem krótkowidzem;2;Sam gotuje/ ktoœ mi gotuje;3;1;Nie;Stancja;5;Tak;Tak;5;Nie;4.5
4-18-2016 22:59:27;Kobieta;III;Inna;;54;166;Rzadko;Ma³o, dla smaku;Nie;0;7.5;Sporadycznie;4;Jestem krótkowidzem;3;Sam gotuje/ ktoœ mi gotuje;4;2;Nie;Dom rodzinny;4;Tak;Nie;10;Tak;4.2
4-18-2016 22:59:53;Mê¿czyzna;I;Politechnika Wroc³awska;W12;87;182;Raz-dwa w miesi¹cu;Ma³o, dla smaku;Nie;4;0;Nie;4;Wszystko OK;2;Jem na mieœcie;4;0;Nie;Dom rodzinny;3;Tak;Nie;27.5;Nie;4
4-18-2016 23:02:29;Mê¿czyzna;I;Politechnika Wroc³awska;W12;85.5;186;Raz w tygodniu;Ma³o, dla smaku;Tak, na czêœæ etatu;1;5.5;Sporadycznie;3;Jestem krótkowidzem;3;Sam gotuje/ ktoœ mi gotuje;3;1;Nie;Stancja;6;Nie;Nie;25;Nie;4
4-18-2016 23:04:36;Kobieta;III;Inna;;60;167;Kilka razy w tygodniu;Du¿o, zdarza siê ¿e nie pamiêtam co robi³em/robi³am;Nie;3;6;Sporadycznie;3;Jestem krótkowidzem;0;Sam gotuje/ ktoœ mi gotuje;3;2;Nie;Akademik;3;Nie;Nie;0;Nie;3.5
4-18-2016 23:05:58;Mê¿czyzna;II;Politechnika Wroc³awska;W13;55;165;Kilka razy w tygodniu;Œrednio, dla towarzystwa;Nie;2;7;Nie;3;Jestem krótkowidzem;1;Sam gotuje/ ktoœ mi gotuje;4;1;Nie;Dom rodzinny;5;Nie;Nie;4;Nie;4
4-18-2016 23:06:48;Kobieta;I;Politechnika Wroc³awska;W8;72;182;Raz w tygodniu;Œrednio, dla towarzystwa;Nie;1;5;Nie;4;Jestem krótkowidzem;2;Sam gotuje/ ktoœ mi gotuje;4;0;Nie;Dom rodzinny;4;Nie;Nie;20;Nie;3.5
4-18-2016 23:09:25;Kobieta;I;Politechnika Wroc³awska;W11;74;174;Rzadko;Ma³o, dla smaku;Praca dorywcza;1;8;Sporadycznie;3;Jestem krótkowidzem;20;Sam gotuje/ ktoœ mi gotuje;4;0;Nie;Dom rodzinny;3;Tak;Nie;15;Nie;3.96
4-18-2016 23:09:34;Kobieta;III;Politechnika Wroc³awska;W12;62;172;Rzadko;Œrednio, dla towarzystwa;Nie;2;6;Sporadycznie;5;Jestem krótkowidzem;5;Sam gotuje/ ktoœ mi gotuje;3;2;Nie;Stancja;6;Nie;Tak;25;Nie;3.5
4-18-2016 23:13:04;Kobieta;II;Politechnika Wroc³awska;W3;58;165;Raz w tygodniu;Œrednio, dla towarzystwa;Tak, na czêœæ etatu;0;7;Nie;4;Wszystko OK;0;Sam gotuje/ ktoœ mi gotuje;4;1;Nie;Stancja;3;Nie;Nie;4;Nie;4.3
4-18-2016 23:14:32;Mê¿czyzna;I;Politechnika Wroc³awska;W12;85;176;Kilka razy w tygodniu;Œrednio, dla towarzystwa;Nie;1;6;Nie;2;Wszystko OK;2;Sam gotuje/ ktoœ mi gotuje;4;0;Nie;Stancja;3;Tak;Nie;12;Nie;
4-18-2016 23:21:00;Mê¿czyzna;III;Inna;W12;85;190;Raz-dwa w miesi¹cu;Œrednio, dla towarzystwa;Nie;1;9;Nie;5;Jestem krótkowidzem;4;Sam gotuje/ ktoœ mi gotuje;2;3;Nie;Akademik;5;Nie;Nie;10;Nie;3.8
4-18-2016 23:25:00;Kobieta;III;Politechnika Wroc³awska;W4;62;174;Raz w tygodniu;Œrednio, dla towarzystwa;Nie;0;6;Nie;5;Jestem krótkowidzem;6;Sam gotuje/ ktoœ mi gotuje;4;1;Nie;Dom rodzinny;5;Nie;Nie;6;Nie;3.8
4-18-2016 23:26:15;Kobieta;II;Uniwersytet Wroc³awski;;69;180;Raz-dwa w miesi¹cu;Œrednio, dla towarzystwa;Praca dorywcza;;7.5;Nie;3;Inne ( nie jestem krótkowidzem, ani dalekowidzem, ale mam wadê);4.5;Sam gotuje/ ktoœ mi gotuje;4;1;Nie;Stancja;2;Tak;Tak;4;Nie;4.69
4-18-2016 23:28:32;Kobieta;II;Uniwersytet Wroc³awski;;69;180;Raz-dwa w miesi¹cu;Œrednio, dla towarzystwa;Praca dorywcza;;7.5;Nie;3;Inne ( nie jestem krótkowidzem, ani dalekowidzem, ale mam wadê);4;Sam gotuje/ ktoœ mi gotuje;4;1;Nie;Stancja;2;Tak;Tak;4;;4.69
4-18-2016 23:29:33;Mê¿czyzna;I;Politechnika Wroc³awska;W12;65;182;Raz-dwa w miesi¹cu;Œrednio, lubiê czuæ siê wstawionym;Nie;0;6;Sporadycznie;3;Wszystko OK;3;Sam gotuje/ ktoœ mi gotuje;4;0;Nie;Stancja;6;Nie;Nie;2;Nie;4
4-18-2016 23:30:18;Kobieta;III;Politechnika Wroc³awska;W4;75;155;Rzadko;Ma³o, dla smaku;Praca dorywcza;0;8;Sporadycznie;4;Jestem krótkowidzem;4;Sam gotuje/ ktoœ mi gotuje;3;4;Nie;Stancja;9;Nie;Sporadycznie;25;Nie;3
4-18-2016 23:31:53;Mê¿czyzna;I;Politechnika Wroc³awska;W13;59;177;Raz-dwa w miesi¹cu;Œrednio, lubiê czuæ siê wstawionym;Praca dorywcza;0;7;Nie;1;Wszystko OK;7;Sam gotuje/ ktoœ mi gotuje;5;0;Nie;Akademik;3;Nie;Tak;3.5;Nie;4
4-18-2016 23:34:53;Kobieta;I;Politechnika Wroc³awska;W13;69;180;Kilka razy w tygodniu;Œrednio, lubiê czuæ siê wstawionym;Nie;2;7;Sporadycznie;3;Wszystko OK;3;Sam gotuje/ ktoœ mi gotuje;2;1;Nie;Dom rodzinny;6;Tak;Nie;6;Nie;3.2
4-18-2016 23:37:11;Kobieta;III;Politechnika Wroc³awska;W11;62;165;Raz-dwa w miesi¹cu;Œrednio, lubiê czuæ siê wstawionym;Tak, na czêœæ etatu;0-1;6;Nie;4;Jestem krótkowidzem;0;Jem na mieœcie;2;0;Nie;Stancja;5;Nie;Tak;8;Nie;3.6
4-18-2016 23:37:31;Kobieta;III;Politechnika Wroc³awska;W9;56;163;Raz-dwa w miesi¹cu;Œrednio, dla towarzystwa;Praca dorywcza;1;8.5;Nie;4;Jestem krótkowidzem;4;Sam gotuje/ ktoœ mi gotuje;4;1;Nie;Stancja;4;Nie;Tak;5;Tak;4.3
4-18-2016 23:40:53;Kobieta;IV;Politechnika Wroc³awska;W2;57;169;Raz-dwa w miesi¹cu;Œrednio, dla towarzystwa;Praca dorywcza;3;;Nie;3;Wszystko OK;6;Sam gotuje/ ktoœ mi gotuje;3;1;Nie;Stancja;6;Tak;Nie;30;Nie;4.5
4-18-2016 23:40:42;Kobieta;I;Politechnika Wroc³awska;W13;63;174;Raz-dwa w miesi¹cu;Œrednio, dla towarzystwa;Tak, na czêœæ etatu;2;6;Sporadycznie;4;Inne ( nie jestem krótkowidzem, ani dalekowidzem, ale mam wadê);2;Sam gotuje/ ktoœ mi gotuje;3;5;Nie;Stancja;7;Tak;Nie;25;Nie;3.72
4-18-2016 23:45:46;Kobieta;I;Politechnika Wroc³awska;W13;50;158;Raz-dwa w miesi¹cu;Œrednio, dla towarzystwa;Nie;0;8;Nie;1;Jestem krótkowidzem;6;Sam gotuje/ ktoœ mi gotuje;5;0;Nie;Stancja;2;Tak;Tak;20;Nie;4.5
4-18-2016 23:46:16;Mê¿czyzna;IV;Politechnika Wroc³awska;W8;90;194;Raz-dwa w miesi¹cu;Œrednio, dla towarzystwa;Tak, na czêœæ etatu;0;8;Nie;3;Wszystko OK;2;Jem na mieœcie;4;1;Nie;Dom rodzinny;10;Nie;Nie;2;Nie;3.8
4-18-2016 23:49:08;Kobieta;I;Politechnika Wroc³awska;W13;60;168;Raz w tygodniu;Œrednio, dla towarzystwa;Nie;0;7.5;Nie;2;Jestem krótkowidzem;2;Sam gotuje/ ktoœ mi gotuje;4;1;Nie;Dom rodzinny;3;Nie;Nie;7;Nie;3.6
4-18-2016 23:50:36;Mê¿czyzna;III;Politechnika Wroc³awska;W10;117;191;Raz w tygodniu;Du¿o, zdarza siê ¿e nie pamiêtam co robi³em/robi³am;Praca dorywcza;0;6;Nie;3;Wszystko OK;0;Sam gotuje/ ktoœ mi gotuje;3;1;Nie;Stancja;8;Nie;Tak;2;Tak;3.97
4-18-2016 23:50:47;Kobieta;III;Politechnika Wroc³awska;W11;68;173;Raz w tygodniu;Œrednio, lubiê czuæ siê wstawionym;Praca dorywcza;3;7;Nie;4;Jestem krótkowidzem;9;Przywo¿ê s³oiki z domu rodzinnego;3;0;Nie;Stancja;5;Tak;Sporadycznie;20;Nie;3.5
4-18-2016 23:54:22;Mê¿czyzna;I;Politechnika Wroc³awska;W12;58;182;Raz-dwa w miesi¹cu;Œrednio, dla towarzystwa;Nie;0;;Tak;3;Jestem krótkowidzem;2;Sam gotuje/ ktoœ mi gotuje;3;2;Nie;Dom rodzinny;6;Tak;Nie;15;Nie;4
4-19-2016 0:00:42;Mê¿czyzna;I;Politechnika Wroc³awska;W5;82;196;Jestem abstynentem/abstynentk¹;Ma³o, dla smaku;Nie;0;7;Nie;2;Jestem krótkowidzem;4;Sam gotuje/ ktoœ mi gotuje;4;0;Nie;Akademik;4;Tak;Tak;14;Nie;4
4-19-2016 0:07:03;Mê¿czyzna;I;Politechnika Wroc³awska;W11;73;177;Raz w tygodniu;Ma³o, dla smaku;Nie;0;8;Nie;2;Jestem krótkowidzem;2.5;Sam gotuje/ ktoœ mi gotuje;4;0;Nie;Stancja;6;Tak;Nie;36;Nie;4
4-19-2016 0:10:58;Kobieta;I;Inna;;64;161;Rzadko;Œrednio, dla towarzystwa;Nie;0;8.5;Nie;3;Wszystko OK;2;Sam gotuje/ ktoœ mi gotuje;3;2;Nie;Stancja;2.5;Tak;Tak;7;Nie;4
4-19-2016 1:04:55;Mê¿czyzna;IV;Politechnika Wroc³awska;W12;85;176;Kilka razy w tygodniu;Ma³o, dla smaku;Nie;1;6;Tak;4;Wszystko OK;0;Sam gotuje/ ktoœ mi gotuje;3;1;Nie;Stancja;5;Tak;Sporadycznie;8;Nie;5.22
4-19-2016 1:43:53;Mê¿czyzna;I;Politechnika Wroc³awska;W13;68;175;Rzadko;Œrednio, dla towarzystwa;Nie;0.5;5;Nie;4;Jestem krótkowidzem;8;Sam gotuje/ ktoœ mi gotuje;3;0;Nie;Stancja;3.5;Nie;Nie;8;Nie;3.3
4-19-2016 6:38:30;Kobieta;II;Politechnika Wroc³awska;W10;;163;Rzadko;Ma³o, dla smaku;Nie;0;7.5;Nie;2;Wszystko OK;1;Sam gotuje/ ktoœ mi gotuje;1;0;Nie;Stancja;2;Tak;Nie;16;Nie;3.5
4-19-2016 7:37:03;Kobieta;I;Politechnika Wroc³awska;W13;52;170;Raz w tygodniu;Œrednio, dla towarzystwa;Praca dorywcza;;6;Nie;3;Wszystko OK;3.5;Sam gotuje/ ktoœ mi gotuje;5;0;Nie;Stancja;;Tak;Nie;;Nie;3.6
4-19-2016 7:44:57;Kobieta;V;Politechnika Wroc³awska;W3;57;167;Raz w tygodniu;Ma³o, dla smaku;Nie;2;8;Sporadycznie;3;Wszystko OK;2;Sam gotuje/ ktoœ mi gotuje;4;1;Nie;Stancja;5;Nie;Tak;2;Nie;4.5
4-19-2016 7:50:21;Kobieta;II;Politechnika Wroc³awska;W6;65;175;Rzadko;Œrednio, dla towarzystwa;Praca dorywcza;2;8;Sporadycznie;3;Wszystko OK;1;Sam gotuje/ ktoœ mi gotuje;3;2;Nie;Stancja;4;Tak;Tak;6;Nie;3.9
4-19-2016 8:32:00;Kobieta;II;Politechnika Wroc³awska;W3;60;168;Raz w tygodniu;Ma³o, dla smaku;Nie;2;7.5;Nie;4;Jestem krótkowidzem;6;Sam gotuje/ ktoœ mi gotuje;4;0;Nie;Stancja;5;Tak;Tak;10;Nie;4.3
4-19-2016 8:46:11;Kobieta;nie jestem studentem/studentk¹;Inna;;52;160;Rzadko;Ma³o, dla smaku;Praca dorywcza;0.5;9;Nie;2;Jestem krótkowidzem;2;Sam gotuje/ ktoœ mi gotuje;3;1;Nie;Dom rodzinny;5;Tak;Nie;4;Nie;4.5
4-19-2016 8:58:03;Kobieta;III;Politechnika Wroc³awska;W12;62;160;Raz-dwa w miesi¹cu;Œrednio, dla towarzystwa;Praca dorywcza;0;7;Nie;3;Wszystko OK;2;Sam gotuje/ ktoœ mi gotuje;3;0;Nie;Stancja;;Nie;Tak;2.5;Nie;3.9
4-19-2016 9:02:49;Kobieta;I;Politechnika Wroc³awska;W13;48;162;Raz-dwa w miesi¹cu;Ma³o, dla smaku;Nie;0;8;Nie;1;Jestem krótkowidzem;2;Przywo¿ê s³oiki z domu rodzinnego;4;0;Nie;Stancja;2;Tak;Sporadycznie;25;Nie;3.7
4-19-2016 9:09:09;Kobieta;I;Politechnika Wroc³awska;W9;60;165;Rzadko;Œrednio, dla towarzystwa;Nie;2;6;Sporadycznie;4;Jestem krótkowidzem;5;Sam gotuje/ ktoœ mi gotuje;3;1;Nie;Stancja;5;Nie;Tak;15;Nie;3
4-19-2016 9:11:31;Kobieta;I;Politechnika Wroc³awska;W13;55;170;Raz w tygodniu;Œrednio, dla towarzystwa;Praca dorywcza;2;7;Nie;3;Jestem krótkowidzem;5;Sam gotuje/ ktoœ mi gotuje;4;0;Nie;Stancja;4;Tak;Tak;7;Nie;4.2
4-19-2016 9:21:47;Mê¿czyzna;III;Inna;;60;170;Raz-dwa w miesi¹cu;Œrednio, lubiê czuæ siê wstawionym;Nie;0.5;7;Nie;2;Jestem krótkowidzem;3;Jem na mieœcie;4;0;Nie;Stancja;2;Tak;Tak;20;Nie;4.9
4-19-2016 9:24:12;Kobieta;II;Inna;;50;167;Raz-dwa w miesi¹cu;Ma³o, dla smaku;Nie;0;8;Sporadycznie;3;Jestem krótkowidzem;4;Sam gotuje/ ktoœ mi gotuje;4;0;Nie;Stancja;1;Tak;Tak;20;Nie;5
4-19-2016 9:28:42;Mê¿czyzna;III;Politechnika Wroc³awska;W10;95;185;Raz w tygodniu;Œrednio, dla towarzystwa;Nie;0;7.5;Nie;2;Inne ( nie jestem krótkowidzem, ani dalekowidzem, ale mam wadê);5;Sam gotuje/ ktoœ mi gotuje;4;1;Nie;Akademik;6;Nie;Nie;7;Tak;3.8
4-19-2016 9:33:53;Kobieta;studia doktoranckie;Inna;;58;172.5;Raz-dwa w miesi¹cu;Œrednio, dla towarzystwa;Tak, na ca³y etat;3;6.5;Tak;4;Wszystko OK;2;Sam gotuje/ ktoœ mi gotuje;2;4;Nie;Stancja;10;Tak;Tak;5;Nie;5
4-19-2016 9:47:09;Kobieta;III;Politechnika Wroc³awska;W7;61.7;166;Raz-dwa w miesi¹cu;Œrednio, lubiê czuæ siê wstawionym;Nie;0;9;Nie;4;Inne ( nie jestem krótkowidzem, ani dalekowidzem, ale mam wadê);4;Sam gotuje/ ktoœ mi gotuje;3;1;Nie;Akademik;12;Nie;Sporadycznie;21;Nie;3.8
4-19-2016 9:49:00;Kobieta;III;Politechnika Wroc³awska;W2;67;165;Raz-dwa w miesi¹cu;Œrednio, dla towarzystwa;Nie;2;7;Sporadycznie;4;Jestem dalekowidzem;1;Sam gotuje/ ktoœ mi gotuje;3;3;Nie;Stancja;4;Tak;Nie;11;Nie;3.3
4-19-2016 9:50:37;Kobieta;V;Politechnika Wroc³awska;W5;69;163;Rzadko;Ma³o, dla smaku;Nie;2;10;Nie;4;Wszystko OK;4;Sam gotuje/ ktoœ mi gotuje;4;0;Nie;Akademik;8;Nie;Nie;14;Nie;3.8
4-19-2016 9:54:29;Kobieta;II;Politechnika Wroc³awska;W11;52;163;Raz-dwa w miesi¹cu;Œrednio, dla towarzystwa;Nie;0;8;Nie;2;Wszystko OK;2;Sam gotuje/ ktoœ mi gotuje;4;1;Nie;Stancja;4;Tak;Tak;20;Nie;4.46
4-19-2016 9:57:43;Kobieta;II;Politechnika Wroc³awska;W11;57.5;174;Raz-dwa w miesi¹cu;Œrednio, lubiê czuæ siê wstawionym;Nie;0;6;Sporadycznie;4;Jestem krótkowidzem;2;Sam gotuje/ ktoœ mi gotuje;3;1;Nie;Stancja;4;Nie;Sporadycznie;3;Nie;4
4-19-2016 10:03:02;Mê¿czyzna;V;Politechnika Wroc³awska;W7;83;1.81;Raz-dwa w miesi¹cu;Œrednio, lubiê czuæ siê wstawionym;Nie;0;7;Nie;1;Inne ( nie jestem krótkowidzem, ani dalekowidzem, ale mam wadê);3;Sam gotuje/ ktoœ mi gotuje;3;0;Nie;Stancja;4;Nie;Nie;20;Nie;4.41
4-19-2016 10:10:46;Kobieta;III;Politechnika Wroc³awska;W11;53;160;Raz w tygodniu;;Praca dorywcza;2;4;Nie;3;Jestem dalekowidzem;2;Przywo¿ê s³oiki z domu rodzinnego;3;1;Nie;Akademik;5;Nie;Tak;5;Nie;4
4-19-2016 10:12:52;Kobieta;I;Politechnika Wroc³awska;W13;53;171;Raz w tygodniu;Œrednio, dla towarzystwa;Praca dorywcza;1;5;Nie;3;Jestem krótkowidzem;0;Jem na mieœcie;2;0;Nie;Stancja;3;Tak;Sporadycznie;8;Nie;4.1
4-19-2016 10:23:34;Kobieta;II;Politechnika Wroc³awska;W11;63;160;Raz w tygodniu;Ma³o, dla smaku;Praca dorywcza;3;6;Nie;2;Jestem krótkowidzem;3;Sam gotuje/ ktoœ mi gotuje;4;0;Nie;Stancja;4;Tak;Tak;10;Nie;4
4-19-2016 10:26:38;Kobieta;IV;Politechnika Wroc³awska;W9;53;163;Raz-dwa w miesi¹cu;Œrednio, dla towarzystwa;Nie;0;8;Nie;3;Wszystko OK;3;Sam gotuje/ ktoœ mi gotuje;4;1;Nie;Stancja;3;Nie;Tak;15;Tak;4
4-19-2016 10:28:57;Kobieta;II;Politechnika Wroc³awska;W11;60;170;Raz-dwa w miesi¹cu;Œrednio, dla towarzystwa;Praca dorywcza;7;8;Nie;4;Jestem krótkowidzem;5;Sam gotuje/ ktoœ mi gotuje;3;0;Nie;Stancja;5;Tak;Tak;6;Nie;3.8
4-19-2016 10:30:03;Kobieta;II;Politechnika Wroc³awska;W13;54;173;Raz-dwa w miesi¹cu;Œrednio, dla towarzystwa;Nie;0;7;Nie;4;Wszystko OK;3;Przywo¿ê s³oiki z domu rodzinnego;4;0;Nie;Stancja;5;Tak;Nie;10;Nie;3.6
4-19-2016 10:37:20;Mê¿czyzna;III;Politechnika Wroc³awska;W11;86;180;Raz-dwa w miesi¹cu;Œrednio, dla towarzystwa;Praca dorywcza;0;8;Nie;4;Jestem krótkowidzem;1;Sam gotuje/ ktoœ mi gotuje;2;2;Nie;Dom rodzinny;8;Tak;Nie;12;Tak;4.2
4-19-2016 10:37:53;Mê¿czyzna;I;Uniwersytet Ekonomiczny;;85;186;Raz-dwa w miesi¹cu;Œrednio, dla towarzystwa;Praca dorywcza;0;8;Tak;3;Jestem krótkowidzem;2;Sam gotuje/ ktoœ mi gotuje;4;0;Nie;Stancja;6;Tak;Sporadycznie;4;Nie;3.5
4-19-2016 10:45:12;Mê¿czyzna;III;Uniwersytet Ekonomiczny;;79;178;Raz w tygodniu;Œrednio, lubiê czuæ siê wstawionym;Nie;0;8;Sporadycznie;3;Wszystko OK;4;Sam gotuje/ ktoœ mi gotuje;4;1;Nie;Stancja;4;Tak;Tak;5;Nie;4
4-19-2016 10:49:38;Mê¿czyzna;I;Politechnika Wroc³awska;W10;70;182;Kilka razy w tygodniu;Œrednio, lubiê czuæ siê wstawionym;Nie;0;8;Nie;1;Jestem krótkowidzem;3;Sam gotuje/ ktoœ mi gotuje;5;1;Nie;Dom rodzinny;;Nie;Nie;;Nie;4
4-19-2016 10:57:10;Kobieta;nie jestem studentem/studentk¹;Inna;;51;158;Rzadko;Ma³o, dla smaku;Tak, na ca³y etat;0;7;Nie;3;Wszystko OK;4;Sam gotuje/ ktoœ mi gotuje;4;0;Nie;Dom rodzinny;3;Tak;Nie;4;Nie;4.5
4-19-2016 10:57:53;Mê¿czyzna;IV;Politechnika Wroc³awska;W4;88;183;Rzadko;Œrednio, dla towarzystwa;Nie;0;7;Nie;2;Jestem krótkowidzem;8;Sam gotuje/ ktoœ mi gotuje;4;0;Nie;Akademik;3;Nie;Nie;6;Nie;4.3
4-19-2016 10:59:37;Mê¿czyzna;V;Politechnika Wroc³awska;W9;74;174;Kilka razy w tygodniu;Ma³o, dla smaku;Praca dorywcza;1;8;Sporadycznie;2;Jestem dalekowidzem;12;Sam gotuje/ ktoœ mi gotuje;4;0;Nie;Akademik;6;Nie;Sporadycznie;3;Nie;4.2
4-19-2016 11:03:45;Mê¿czyzna;V;Politechnika Wroc³awska;W7;83;181;Raz-dwa w miesi¹cu;Œrednio, lubiê czuæ siê wstawionym;Nie;0;7;Nie;1;Inne ( nie jestem krótkowidzem, ani dalekowidzem, ale mam wadê);5;Sam gotuje/ ktoœ mi gotuje;3;0;Nie;Stancja;4;Nie;Nie;12;Nie;4.4
4-19-2016 11:05:05;Kobieta;V;Politechnika Wroc³awska;W6;59;167;Raz w tygodniu;Œrednio, dla towarzystwa;Praca dorywcza;0;7;Nie;3;Wszystko OK;4;Sam gotuje/ ktoœ mi gotuje;4;0;Nie;Stancja;3;Tak;Tak;4;Tak;4.5
4-19-2016 11:16:02;Kobieta;I;Politechnika Wroc³awska;W11;48;159;Jestem abstynentem/abstynentk¹;;Nie;1;6;Nie;1;Jestem krótkowidzem;5;Sam gotuje/ ktoœ mi gotuje;5;0;Nie;Stancja;;Tak;Nie;15;Nie;3.8
4-19-2016 11:29:15;Mê¿czyzna;II;Politechnika Wroc³awska;W8;68;175;Rzadko;Ma³o, dla smaku;Praca dorywcza;1;7;Nie;1;Jestem krótkowidzem;5;Sam gotuje/ ktoœ mi gotuje;4;0;Nie;Dom rodzinny;8;Nie;Nie;3;Nie;2.5
4-19-2016 11:31:51;Mê¿czyzna;III;Politechnika Wroc³awska;W9;69;177;Raz-dwa w miesi¹cu;Œrednio, dla towarzystwa;Nie;0;5;Sporadycznie;3;Wszystko OK;3;Przywo¿ê s³oiki z domu rodzinnego;4;0;Nie;Stancja;4;Tak;Nie;5;Nie;4.9
4-19-2016 11:35:53;Kobieta;II;Politechnika Wroc³awska;W11;62;170;Rzadko;Œrednio, dla towarzystwa;Nie;2;4.5;Sporadycznie;3;Jestem krótkowidzem;5;Sam gotuje/ ktoœ mi gotuje;4;0;Nie;Akademik;5;Tak;Tak;20;Nie;4
4-19-2016 11:38:49;Kobieta;II;Politechnika Wroc³awska;W11;60;166;Rzadko;Œrednio, dla towarzystwa;Nie;2;4.5;Nie;3;Jestem krótkowidzem;5;Sam gotuje/ ktoœ mi gotuje;4;0;Nie;Stancja;10;Tak;Tak;20;Nie;3.6
4-19-2016 11:42:17;Kobieta;III;Inna;;55;164;Raz w tygodniu;Œrednio, lubiê czuæ siê wstawionym;Nie;1;6;Nie;4;Jestem krótkowidzem;3;Sam gotuje/ ktoœ mi gotuje;4;1;Nie;Dom rodzinny;4;Tak;Tak;35;Nie;4
4-19-2016 11:45:11;Kobieta;V;Politechnika Wroc³awska;W3;50.9;158;Raz w tygodniu;Œrednio, dla towarzystwa;Nie;4;9;Nie;2;Jestem dalekowidzem;3;Sam gotuje/ ktoœ mi gotuje;4;1;Nie;Dom rodzinny;5;Tak;Nie;4;Nie;4.34
4-19-2016 11:47:45;Mê¿czyzna;nie jestem studentem/studentk¹;Inna;;69;178;Raz w tygodniu;Œrednio, dla towarzystwa;Tak, na ca³y etat;1;8;Nie;2;Inne ( nie jestem krótkowidzem, ani dalekowidzem, ale mam wadê);5;Sam gotuje/ ktoœ mi gotuje;4;;Nie;Dom rodzinny;5;;;;;
4-19-2016 12:13:59;Mê¿czyzna;IV;Politechnika Wroc³awska;W4;72;180;Raz w tygodniu;Œrednio, dla towarzystwa;Praca dorywcza;0;6;Sporadycznie;4;Wszystko OK;7;Jem na mieœcie;4;1;Nie;Akademik;8;Nie;Nie;3;Nie;3.8
4-19-2016 12:18:11;Mê¿czyzna;V;Politechnika Wroc³awska;W7;;;Raz w tygodniu;Œrednio, lubiê czuæ siê wstawionym;Praca dorywcza;;;Sporadycznie;4;Wszystko OK;;Jem na mieœcie;;;Nie;Dom rodzinny;5;Nie;Nie;0;Nie;3.7
4-19-2016 12:21:14;Kobieta;I;Politechnika Wroc³awska;W10;50;164;Rzadko;Ma³o, dla smaku;Praca dorywcza;0;7;Nie;4;Jestem dalekowidzem;1;Sam gotuje/ ktoœ mi gotuje;4;2;Nie;Stancja;4;Tak;Nie;5;Nie;3.8
4-19-2016 12:23:39;Kobieta;II;Politechnika Wroc³awska;W7;70;178;Raz-dwa w miesi¹cu;Ma³o, dla smaku;Nie;0;8;Sporadycznie;3;Jestem krótkowidzem;2;Sam gotuje/ ktoœ mi gotuje;3;0;Nie;Stancja;1;Tak;Nie;3;Nie;3.9
4-19-2016 12:45:49;Mê¿czyzna;I;Politechnika Wroc³awska;W8;95;195;Raz w tygodniu;Du¿o, zdarza siê ¿e nie pamiêtam co robi³em/robi³am;Nie;0;7;Nie;2;Inne ( nie jestem krótkowidzem, ani dalekowidzem, ale mam wadê);6;Sam gotuje/ ktoœ mi gotuje;4;0;Nie;Akademik;5;Nie;Tak;7;Nie;3.9
4-19-2016 12:47:28;Kobieta;V;Inna;;39;158;Kilka razy w tygodniu;Ma³o, dla smaku;Praca dorywcza;2;7;Tak;4;Wszystko OK;2;Sam gotuje/ ktoœ mi gotuje;3;0;Nie;Stancja;3;Tak;Tak;15;Nie;4.92
4-19-2016 12:54:34;Mê¿czyzna;II;Politechnika Wroc³awska;W13;76;174;Raz w tygodniu;Ma³o, dla smaku;Nie;1;8;Tak;3;Inne ( nie jestem krótkowidzem, ani dalekowidzem, ale mam wadê);0;Sam gotuje/ ktoœ mi gotuje;3;1;Nie;Stancja;8;Nie;Nie;4;Nie;3.5
4-19-2016 12:56:38;Kobieta;II;Politechnika Wroc³awska;W10;60;165;Raz w tygodniu;Œrednio, lubiê czuæ siê wstawionym;Praca dorywcza;3;8;Nie;1;Wszystko OK;6;Sam gotuje/ ktoœ mi gotuje;1;1;Nie;Dom rodzinny;3;Tak;Sporadycznie;7;Nie;3.8
4-19-2016 12:59:03;Kobieta;II;Politechnika Wroc³awska;W10;74.5;175;Raz-dwa w miesi¹cu;Œrednio, dla towarzystwa;Nie;0;8;Sporadycznie;3;Wszystko OK;6;Sam gotuje/ ktoœ mi gotuje;4;1;Nie;Stancja;2;Tak;Tak;6;Nie;3.8
4-19-2016 13:01:22;Kobieta;II;Politechnika Wroc³awska;W10;76.5;177;Raz w tygodniu;Œrednio, lubiê czuæ siê wstawionym;Nie;0;6.5;Sporadycznie;4;Jestem krótkowidzem;3;Sam gotuje/ ktoœ mi gotuje;3;1;Nie;Stancja;4;Tak;Nie;12;Nie;4.17
4-19-2016 13:17:29;Mê¿czyzna;V;Politechnika Wroc³awska;W2;71;176;Raz-dwa w miesi¹cu;Ma³o, dla smaku;Praca dorywcza;0;6;Nie;5;Jestem dalekowidzem;8;Sam gotuje/ ktoœ mi gotuje;4;1;Nie;Stancja;8;Nie;Tak;8;Nie;4.5
4-19-2016 13:23:07;Kobieta;V;Politechnika Wroc³awska;W7;60;172;Raz-dwa w miesi¹cu;Ma³o, dla smaku;Tak, na czêœæ etatu;0.2;8;Sporadycznie;3;Jestem krótkowidzem;4;Sam gotuje/ ktoœ mi gotuje;4;1;Nie;Akademik;6.5;Nie;Tak;1;Tak;4.32
4-19-2016 13:31:28;Kobieta;I;Politechnika Wroc³awska;W10;70;169;Raz-dwa w miesi¹cu;Œrednio, dla towarzystwa;Praca dorywcza;1;5;Nie;3;Wszystko OK;3;Jem na mieœcie;5;0;Nie;Stancja;2;Nie;Tak;5;Nie;4.3
4-19-2016 13:35:28;Kobieta;I;Politechnika Wroc³awska;W1;56;171;Raz-dwa w miesi¹cu;Œrednio, dla towarzystwa;Nie;0;6.5;Sporadycznie;4;Jestem krótkowidzem;0;Przywo¿ê s³oiki z domu rodzinnego;3;1;Nie;Akademik;5;Nie;Sporadycznie;30;Nie;4.25
4-19-2016 13:57:39;Kobieta;III;Politechnika Wroc³awska;W2;69;172;Rzadko;Œrednio, dla towarzystwa;Nie;0;5;Sporadycznie;4;Jestem krótkowidzem;4;Przywo¿ê s³oiki z domu rodzinnego;3;2;Nie;Akademik;7;Tak;Nie;6;Nie;3.9
4-19-2016 14:00:55;Kobieta;I;Politechnika Wroc³awska;W8;60;167;Raz w tygodniu;Œrednio, lubiê czuæ siê wstawionym;Nie;0;7;Nie;4;Inne ( nie jestem krótkowidzem, ani dalekowidzem, ale mam wadê);0.5;Sam gotuje/ ktoœ mi gotuje;3;1;Nie;Stancja;2;Nie;Nie;3;Nie;4.4
4-19-2016 14:02:38;Kobieta;I;Politechnika Wroc³awska;W8;44;160;Raz-dwa w miesi¹cu;Œrednio, dla towarzystwa;Nie;1;7;Nie;3;Jestem krótkowidzem;2;Sam gotuje/ ktoœ mi gotuje;3;1;Nie;Dom rodzinny;3.5;Nie;Nie;6;Nie;4.4
4-19-2016 14:08:02;Kobieta;IV;Inna;;57;165;Raz-dwa w miesi¹cu;Ma³o, dla smaku;Nie;0;8;Nie;3;Jestem krótkowidzem;2;Sam gotuje/ ktoœ mi gotuje;4;1;Nie;Stancja;3;Tak;Tak;6;Nie;4.8
4-19-2016 14:23:28;Mê¿czyzna;IV;Politechnika Wroc³awska;W10;66;176;Raz-dwa w miesi¹cu;Œrednio, lubiê czuæ siê wstawionym;Nie;0;7;Tak;5;Wszystko OK;1;Sam gotuje/ ktoœ mi gotuje;1;0;Nie;Dom rodzinny;5;Tak;Nie;10;Nie;4.5
4-19-2016 14:28:09;Mê¿czyzna;III;Politechnika Wroc³awska;W5;86;184;Raz w tygodniu;Œrednio, lubiê czuæ siê wstawionym;Nie;0.5;7;Sporadycznie;3;Wszystko OK;6;Sam gotuje/ ktoœ mi gotuje;3;1;Nie;Stancja;4;Nie;Sporadycznie;4;Nie;3.8
4-19-2016 14:31:52;Mê¿czyzna;III;Politechnika Wroc³awska;W11;70;182;Raz w tygodniu;Ma³o, dla smaku;Praca dorywcza;1;8;Sporadycznie;4;Jestem krótkowidzem;9;Sam gotuje/ ktoœ mi gotuje;4;1;Nie;Stancja;3;Nie;Tak;4;Nie;3.5
4-19-2016 14:34:09;Kobieta;III;Politechnika Wroc³awska;W4;49;169;Raz w tygodniu;Œrednio, dla towarzystwa;Tak, na czêœæ etatu;3;6;Nie;4;Jestem krótkowidzem;3;Sam gotuje/ ktoœ mi gotuje;3;1;Nie;Stancja;9;Tak;Tak;10;Nie;4.2
4-19-2016 14:34:23;Kobieta;I;Politechnika Wroc³awska;W13;53;170;Raz-dwa w miesi¹cu;Ma³o, dla smaku;Nie;2;9;Sporadycznie;3;Wszystko OK;1;Sam gotuje/ ktoœ mi gotuje;4;1;Nie;Stancja;4;Tak;Nie;28;Nie;4.83
4-19-2016 14:36:58;Kobieta;II;Politechnika Wroc³awska;W11;62;167;Raz w tygodniu;Œrednio, dla towarzystwa;Praca dorywcza;1;7.5;Nie;2;Jestem krótkowidzem;5;Sam gotuje/ ktoœ mi gotuje;3;0;Nie;Stancja;5;Tak;Tak;7;Nie;3.7
4-19-2016 14:42:45;Kobieta;I;Politechnika Wroc³awska;W3;43;161;Jestem abstynentem/abstynentk¹;;Nie;3;7;Nie;2;Wszystko OK;8;Sam gotuje/ ktoœ mi gotuje;4;1;Nie;Akademik;4;Tak;Tak;70;Nie;4.8
4-19-2016 14:48:58;Mê¿czyzna;II;Politechnika Wroc³awska;W11;71;178;Rzadko;Œrednio, dla towarzystwa;Nie;0;6;Nie;1;Wszystko OK;14;Sam gotuje/ ktoœ mi gotuje;5;0;Nie;Akademik;6;Tak;Tak;60;Nie;4.68
4-19-2016 15:09:18;Kobieta;I;Politechnika Wroc³awska;W3;49;162;Raz-dwa w miesi¹cu;Œrednio, dla towarzystwa;Nie;1;8;Nie;2;Wszystko OK;8;Sam gotuje/ ktoœ mi gotuje;4;0;Nie;Stancja;4;Nie;Nie;4;Nie;4.7
4-19-2016 15:39:41;Mê¿czyzna;III;Politechnika Wroc³awska;W11;77;180;Raz-dwa w miesi¹cu;Œrednio, dla towarzystwa;Nie;0;7;Nie;3;Wszystko OK;8;Przywo¿ê s³oiki z domu rodzinnego;4;0;Nie;Stancja;6;Nie;Nie;4;Nie;4
4-19-2016 16:10:45;Kobieta;I;Politechnika Wroc³awska;W11;48;167;Raz-dwa w miesi¹cu;Œrednio, dla towarzystwa;Nie;0;7;Nie;4;Jestem krótkowidzem;4;Sam gotuje/ ktoœ mi gotuje;3;1;Nie;Stancja;4;Nie;Tak;20;Nie;4.2
4-19-2016 16:22:07;Mê¿czyzna;I;Politechnika Wroc³awska;W8;70;181;Rzadko;Œrednio, dla towarzystwa;Nie;2;7;Nie;3;Jestem krótkowidzem;5;Sam gotuje/ ktoœ mi gotuje;4;0;Nie;Dom rodzinny;4;Nie;Sporadycznie;10;Nie;3.5
4-19-2016 16:33:11;Kobieta;III;Politechnika Wroc³awska;W9;62;168;Raz-dwa w miesi¹cu;Œrednio, lubiê czuæ siê wstawionym;Tak, na czêœæ etatu;0.5;8;Nie;3;Wszystko OK;3;Sam gotuje/ ktoœ mi gotuje;4;1;Nie;Stancja;5;Tak;Tak;8;Nie;4
4-19-2016 16:46:01;Kobieta;I;Politechnika Wroc³awska;W11;48;162;Raz-dwa w miesi¹cu;Œrednio, dla towarzystwa;Praca dorywcza;1;7;Nie;3;Jestem krótkowidzem;3;Sam gotuje/ ktoœ mi gotuje;5;0;Nie;Akademik;5;Tak;Tak;20;Nie;4.5
4-19-2016 16:49:28;Kobieta;I;Politechnika Wroc³awska;W13;63;170;Rzadko;Œrednio, dla towarzystwa;Nie;0;8;Nie;2;Jestem krótkowidzem;2;Sam gotuje/ ktoœ mi gotuje;4;0;Nie;Akademik;5;Nie;Sporadycznie;4;Nie;4
4-19-2016 17:22:51;Kobieta;I;Politechnika Wroc³awska;W13;57;170;Rzadko;Ma³o, dla smaku;Nie;0;8;Sporadycznie;4;Jestem krótkowidzem;2;Jem na mieœcie;5;0;Nie;Stancja;3;Tak;Nie;25;Nie;4.67
4-19-2016 17:38:36;Kobieta;I;Politechnika Wroc³awska;W11;70;160;Kilka razy w tygodniu;Œrednio, dla towarzystwa;Nie;0;7;Sporadycznie;3;Wszystko OK;5;Sam gotuje/ ktoœ mi gotuje;4;2;Nie;Stancja;2;Nie;Nie;4;Nie;3.7
4-19-2016 17:39:45;Kobieta;II;Politechnika Wroc³awska;W13;50;159;Raz w tygodniu;Œrednio, dla towarzystwa;Praca dorywcza;1;7;Nie;2;Jestem krótkowidzem;4.5;Przywo¿ê s³oiki z domu rodzinnego;4;0;Nie;Akademik;10;Tak;Sporadycznie;;Nie;4.9
4-19-2016 17:53:14;Mê¿czyzna;III;Politechnika Wroc³awska;W13;68;184;Raz w tygodniu;Œrednio, dla towarzystwa;Tak, na czêœæ etatu;2;6;Nie;4;Wszystko OK;0;Jem na mieœcie;5;1;Nie;Stancja;10;Nie;Tak;10;Nie;3.8
4-19-2016 18:55:37;Mê¿czyzna;I;Politechnika Wroc³awska;W13;70;175;Kilka razy w tygodniu;Œrednio, dla towarzystwa;Nie;3;7;Nie;2;Wszystko OK;1.5;Sam gotuje/ ktoœ mi gotuje;4;0;Nie;Dom rodzinny;3.5;Nie;Sporadycznie;2;Nie;4.68
4-19-2016 19:08:45;Kobieta;III;Politechnika Wroc³awska;W11;62;168;Raz w tygodniu;Œrednio, dla towarzystwa;Nie;0;7;Nie;4;Jestem krótkowidzem;1;Przywo¿ê s³oiki z domu rodzinnego;4;1;Nie;Stancja;7;Tak;Nie;17;Tak;4.7
4-19-2016 20:37:56;Kobieta;I;Politechnika Wroc³awska;W13;70;170;Rzadko;Ma³o, dla smaku;Nie;0.5;8;Nie;2;Wszystko OK;3.5;Sam gotuje/ ktoœ mi gotuje;4;1;Nie;Dom rodzinny;2;Tak;Nie;6;Nie;4.07
4-19-2016 20:39:39;Kobieta;III;Inna;;49;164;Raz-dwa w miesi¹cu;Ma³o, dla smaku;Nie;0;8;Nie;3;Wszystko OK;3;Sam gotuje/ ktoœ mi gotuje;3;0;Nie;Stancja;4;Nie;Sporadycznie;5h;Nie;4
4-19-2016 22:04:27;Kobieta;II;Politechnika Wroc³awska;W8;50;152;Rzadko;Œrednio, dla towarzystwa;Nie;1;6.5;Nie;4;Wszystko OK;1;Sam gotuje/ ktoœ mi gotuje;3;0;Nie;Akademik;7;Nie;Nie;3;Nie;4.3
4-19-2016 22:26:31;Kobieta;II;Politechnika Wroc³awska;W4;60;166;Raz-dwa w miesi¹cu;Œrednio, dla towarzystwa;Tak, na czêœæ etatu;2;6;Nie;5;Wszystko OK;3;Sam gotuje/ ktoœ mi gotuje;3;2;Nie;Stancja;8;Tak;Tak;30;Nie;4
4-19-2016 23:00:37;Kobieta;IV;Politechnika Wroc³awska;W1;53;161;Raz-dwa w miesi¹cu;Œrednio, dla towarzystwa;Nie;1;6;Nie;3;Jestem dalekowidzem;0;Sam gotuje/ ktoœ mi gotuje;3;1;Nie;Stancja;40;Tak;Tak;;Nie;5.4
4-19-2016 23:24:37;Kobieta;IV;Uniwersytet Ekonomiczny;;55;165;Raz-dwa w miesi¹cu;Œrednio, dla towarzystwa;Praca dorywcza;1;6;Nie;4;Jestem krótkowidzem;1;Sam gotuje/ ktoœ mi gotuje;3;0;Nie;Stancja;6;Nie;Sporadycznie;5;Nie;4.7
4-19-2016 23:27:49;Kobieta;I;Politechnika Wroc³awska;W11;56;167;Raz-dwa w miesi¹cu;Œrednio, dla towarzystwa;Nie;0;6.5;Nie;3;Wszystko OK;5;Jem na mieœcie;4;0;Nie;Akademik;8;Nie;Tak;6;Nie;4.48
4-20-2016 0:10:52;Kobieta;III;Politechnika Wroc³awska;W13;55;166;Kilka razy w tygodniu;Œrednio, dla towarzystwa;Tak, na czêœæ etatu;2;4;Nie;5;Inne ( nie jestem krótkowidzem, ani dalekowidzem, ale mam wadê);5;Jem na mieœcie;3;0;Nie;Akademik;10;Nie;Tak;12;Nie;4.94
4-20-2016 0:12:15;Kobieta;I;Politechnika Wroc³awska;W11;59;166;Raz-dwa w miesi¹cu;Œrednio, dla towarzystwa;Nie;1;7;Nie;2;Jestem dalekowidzem;5;Sam gotuje/ ktoœ mi gotuje;4;2;Nie;Stancja;3;Tak;Tak;10;Tak;4.5
4-20-2016 0:12:17;Kobieta;I;Politechnika Wroc³awska;W11;48;164;Raz-dwa w miesi¹cu;Œrednio, lubiê czuæ siê wstawionym;Nie;0.5;6;Nie;3;Wszystko OK;1.5;Jem na mieœcie;4;1;Nie;Stancja;3;Tak;Nie;7;Nie;4.7
4-20-2016 0:17:55;Kobieta;II;Politechnika Wroc³awska;W11;62;171;Rzadko;Œrednio, dla towarzystwa;Nie;0;6;Nie;3;Jestem krótkowidzem;4;Sam gotuje/ ktoœ mi gotuje;5;1;Nie;Stancja;6;Nie;Sporadycznie;15;Nie;3.7
4-20-2016 0:44:53;Kobieta;III;Uniwersytet Przyrodniczy;;51;161;Raz-dwa w miesi¹cu;Œrednio, dla towarzystwa;Praca dorywcza;1;7;Nie;3;Jestem krótkowidzem;5;Sam gotuje/ ktoœ mi gotuje;4;1;Nie;Stancja;3;Nie;Tak;3;Nie;3.9
4-20-2016 2:18:21;Kobieta;III;Politechnika Wroc³awska;W2;57;169;Raz-dwa w miesi¹cu;Œrednio, dla towarzystwa;Nie;0;6;Nie;3;Jestem krótkowidzem;5;Sam gotuje/ ktoœ mi gotuje;4;0;Nie;Stancja;6;Tak;Nie;20;Nie;4.2
4-20-2016 2:29:26;Kobieta;II;Politechnika Wroc³awska;W13;68;172;Kilka razy w tygodniu;Du¿o, zdarza siê ¿e nie pamiêtam co robi³em/robi³am;Tak, na czêœæ etatu;1;5;Sporadycznie;3;Wszystko OK;2;Jem na mieœcie;3;0;Nie;Stancja;4;Nie;Nie;1;Nie;3.7
4-20-2016 8:12:20;Mê¿czyzna;studia doktoranckie;Politechnika Wroc³awska;W13;65;182;Jestem abstynentem/abstynentk¹;;Tak, na czêœæ etatu;0;7;Nie;5;Inne ( nie jestem krótkowidzem, ani dalekowidzem, ale mam wadê);4;Sam gotuje/ ktoœ mi gotuje;4;1;Nie;Dom rodzinny;8;Tak;Sporadycznie;5;Tak;4.8
4-20-2016 8:22:29;;III;Inna;;90;200;Kilka razy w tygodniu;Œrednio, lubiê czuæ siê wstawionym;Nie;2;5;Sporadycznie;5;Jestem krótkowidzem;9;Jem na mieœcie;3;3;Nie;Stancja;8;Nie;Tak;40;Nie;5
4-20-2016 8:39:53;Mê¿czyzna;V;Politechnika Wroc³awska;W8;101;184;Raz-dwa w miesi¹cu;Œrednio, dla towarzystwa;Tak, na ca³y etat;0;7;Nie;2;Jestem krótkowidzem;2;Jem na mieœcie;4;1;Nie;Stancja;14;Nie;Tak;0.0003;Nie;4.2
4-20-2016 9:39:58;Kobieta;IV;Inna;;49;155;Raz w tygodniu;Œrednio, dla towarzystwa;Praca dorywcza;4;7;Sporadycznie;3;Wszystko OK;10;Sam gotuje/ ktoœ mi gotuje;5;0;Nie;Stancja;2;Nie;Sporadycznie;5;Nie;3.7
4-20-2016 10:08:58;Kobieta;III;Politechnika Wroc³awska;W3;58;173;Rzadko;Ma³o, dla smaku;Praca dorywcza;0;8;Nie;3;Wszystko OK;3;Sam gotuje/ ktoœ mi gotuje;4;1;Nie;Dom rodzinny;2;Tak;Nie;20;Nie;3.5
4-20-2016 10:16:50;Mê¿czyzna;V;Politechnika Wroc³awska;W9;87;176;Kilka razy w tygodniu;Œrednio, dla towarzystwa;Praca dorywcza;1;5;Tak;3;Wszystko OK;0;Sam gotuje/ ktoœ mi gotuje;4;0;Nie;Stancja;2;Nie;Nie;1;Nie;4.18
4-20-2016 10:20:00;Kobieta;III;Politechnika Wroc³awska;W2;65;165;Raz-dwa w miesi¹cu;Œrednio, dla towarzystwa;Praca dorywcza;0;6;Nie;4;Jestem dalekowidzem;4;Sam gotuje/ ktoœ mi gotuje;4;2;Nie;Stancja;6;Tak;Nie;20;Nie;3.4
4-20-2016 10:21:55;Kobieta;III;Politechnika Wroc³awska;W2;57;165;Raz w tygodniu;Œrednio, dla towarzystwa;Tak, na czêœæ etatu;0;7;Nie;3;Jestem dalekowidzem;6;Sam gotuje/ ktoœ mi gotuje;3;0;Nie;Stancja;9;Nie;Nie;2;Nie;3.5
4-20-2016 10:30:29;Mê¿czyzna;III;Politechnika Wroc³awska;W11;83;179;Kilka razy w tygodniu;Ma³o, dla smaku;Praca dorywcza;1;6;Sporadycznie;3;Wszystko OK;2;Jem na mieœcie;3;0;Nie;Stancja;6;Tak;Tak;25;Tak;3.9
4-20-2016 11:34:41;Kobieta;II;Politechnika Wroc³awska;W11;54;164;Raz-dwa w miesi¹cu;Œrednio, dla towarzystwa;Nie;0;5;Sporadycznie;4;Wszystko OK;2;Przywo¿ê s³oiki z domu rodzinnego;4;1;Nie;Stancja;7;Tak;Tak;60;Nie;4
4-20-2016 11:37:02;Kobieta;II;Politechnika Wroc³awska;W11;66;178;Raz w tygodniu;Œrednio, lubiê czuæ siê wstawionym;Praca dorywcza;1;8;Nie;4;Wszystko OK;3;Sam gotuje/ ktoœ mi gotuje;;0;Nie;Stancja;7;Nie;Nie;3;Nie;3.5
4-20-2016 12:27:11;Kobieta;II;Politechnika Wroc³awska;W10;50;158;Jestem abstynentem/abstynentk¹;Ma³o, dla smaku;Praca dorywcza;0;6;Nie;3;Wszystko OK;1;Jem na mieœcie;3;1;Nie;Dom rodzinny;2;Nie;Tak;8;Nie;3.3
4-20-2016 12:38:23;Kobieta;I;Politechnika Wroc³awska;W11;69;171;Raz w tygodniu;Ma³o, dla smaku;Nie;0;8;Nie;3;Wszystko OK;6;Przywo¿ê s³oiki z domu rodzinnego;4;0;Nie;Stancja;3;Tak;Nie;5;Nie;4.9
4-20-2016 12:41:25;Mê¿czyzna;I;Politechnika Wroc³awska;W11;85;196;Rzadko;Ma³o, dla smaku;Nie;0;5;Nie;2;Wszystko OK;6;Sam gotuje/ ktoœ mi gotuje;5;0;Nie;Stancja;4;Tak;Nie;5;Nie;4.5
4-20-2016 13:12:29;Kobieta;II;Politechnika Wroc³awska;W3;55;175;Raz-dwa w miesi¹cu;Œrednio, lubiê czuæ siê wstawionym;Praca dorywcza;0;7;Sporadycznie;4;Wszystko OK;7;Sam gotuje/ ktoœ mi gotuje;4;2;Nie;Akademik;9;Tak;Tak;35;Nie;3.5
4-20-2016 13:25:09;Mê¿czyzna;II;Politechnika Wroc³awska;W10;101;188;Jestem abstynentem/abstynentk¹;;Praca dorywcza;0;7;Nie;2;Wszystko OK;3;Jem na mieœcie;3;0;Nie;Dom rodzinny;3;Nie;Tak;2;Nie;3
4-20-2016 13:28:06;Kobieta;I;Politechnika Wroc³awska;W7;62;164;Raz w tygodniu;Œrednio, lubiê czuæ siê wstawionym;Nie;2;6;Nie;2;Wszystko OK;0;Przywo¿ê s³oiki z domu rodzinnego;3;1;Nie;Stancja;1;Nie;Nie;6;Nie;4.4
4-20-2016 13:32:01;Kobieta;I;Politechnika Wroc³awska;W3;56;169;Raz w tygodniu;Œrednio, dla towarzystwa;Praca dorywcza;1;7;Sporadycznie;3;Jestem krótkowidzem;4.5;Jem na mieœcie;4;2;Nie;Dom rodzinny;1.5;Tak;Tak;13;Nie;3.4
4-20-2016 13:38:12;Kobieta;IV;Uniwersytet Wroc³awski;;59;171;Kilka razy w tygodniu;Du¿o, zdarza siê ¿e nie pamiêtam co robi³em/robi³am;Nie;3;8;Nie;1;Wszystko OK;0;Sam gotuje/ ktoœ mi gotuje;5;7;Nie;Stancja;5;Nie;Tak;3;Tak;4
4-20-2016 13:58:18;Kobieta;IV;Politechnika Wroc³awska;W10;68;167;Raz w tygodniu;Ma³o, dla smaku;Nie;0;9;Nie;3;Wszystko OK;0;Sam gotuje/ ktoœ mi gotuje;2;0;Nie;Stancja;7;Nie;Tak;25;Nie;5.07
4-20-2016 14:08:58;Kobieta;II;Politechnika Wroc³awska;W9;45;165;Kilka razy w tygodniu;Œrednio, dla towarzystwa;Nie;0;6;Sporadycznie;3;Jestem dalekowidzem;0;Sam gotuje/ ktoœ mi gotuje;4;1;Nie;Stancja;5;Nie;Nie;15;Nie;3.5
4-20-2016 14:12:05;Mê¿czyzna;II;Politechnika Wroc³awska;W9;63;175;Raz w tygodniu;Ma³o, dla smaku;Tak, na czêœæ etatu;0;7;Nie;4;Jestem dalekowidzem;6;Sam gotuje/ ktoœ mi gotuje;4;1;Nie;Akademik;5;Nie;Nie;15;Nie;3.5
4-20-2016 14:21:26;Kobieta;III;Politechnika Wroc³awska;W7;75;180;Raz w tygodniu;Œrednio, dla towarzystwa;Tak, na czêœæ etatu;3;5;Nie;3;Jestem dalekowidzem;6;Sam gotuje/ ktoœ mi gotuje;4;1;Nie;Stancja;5;Nie;Tak;2;Nie;3.41
4-20-2016 14:27:21;Mê¿czyzna;studia doktoranckie;Politechnika Wroc³awska;W13;80;179;Raz-dwa w miesi¹cu;Œrednio, dla towarzystwa;Praca dorywcza;0;8;Sporadycznie;3;Wszystko OK;;Jem na mieœcie;2;1;Nie;Stancja;12;Nie;Sporadycznie;10;Tak;5
4-20-2016 14:32:03;Mê¿czyzna;III;Politechnika Wroc³awska;W9;86;176;Raz w tygodniu;Œrednio, lubiê czuæ siê wstawionym;Praca dorywcza;1;8;Sporadycznie;3;Inne ( nie jestem krótkowidzem, ani dalekowidzem, ale mam wadê);6;Sam gotuje/ ktoœ mi gotuje;3;3;Nie;Stancja;4;Nie;Tak;5;Nie;3.3
4-20-2016 14:41:33;Mê¿czyzna;III;Politechnika Wroc³awska;W5;76;176;Raz w tygodniu;Œrednio, lubiê czuæ siê wstawionym;Nie;0;7;Nie;1;Wszystko OK;3;Sam gotuje/ ktoœ mi gotuje;5;0;Nie;Stancja;5;Nie;Nie;2;Nie;4
4-20-2016 15:02:36;Mê¿czyzna;I;Politechnika Wroc³awska;W4;62;173;Kilka razy w tygodniu;Œrednio, dla towarzystwa;Praca dorywcza;3;6.5;Nie;4;Jestem krótkowidzem;2;Sam gotuje/ ktoœ mi gotuje;3;2;Nie;Stancja;7;Nie;Nie;2;Nie;4.13
4-20-2016 15:07:31;Kobieta;I;Politechnika Wroc³awska;W4;55;161;Codziennie;Œrednio, dla towarzystwa;Praca dorywcza;3;6;Sporadycznie;5;Inne ( nie jestem krótkowidzem, ani dalekowidzem, ale mam wadê);7;Sam gotuje/ ktoœ mi gotuje;3;0;Nie;Stancja;2;Tak;Nie;5;Nie;3.5
4-20-2016 15:10:02;Mê¿czyzna;I;Politechnika Wroc³awska;W4;90;180;Kilka razy w tygodniu;Œrednio, dla towarzystwa;Praca dorywcza;4;5;Nie;4;Jestem krótkowidzem;1;Sam gotuje/ ktoœ mi gotuje;2;0;Nie;Stancja;8;Nie;Nie;3;Nie;3.5
4-20-2016 16:20:15;Kobieta;III;Politechnika Wroc³awska;W13;50;170;Kilka razy w tygodniu;Du¿o, zdarza siê ¿e nie pamiêtam co robi³em/robi³am;Nie;0;7;Sporadycznie;3;Wszystko OK;2;Jem na mieœcie;3;1;Nie;Stancja;4;Tak;Tak;14;Nie;3.4
4-20-2016 16:21:39;Kobieta;III;Politechnika Wroc³awska;W13;50;160;Raz w tygodniu;Œrednio, lubiê czuæ siê wstawionym;Tak, na czêœæ etatu;0;7;Sporadycznie;1;Jestem krótkowidzem;6;Sam gotuje/ ktoœ mi gotuje;4;0;Nie;Stancja;5;Tak;Tak;10;Nie;4.5
4-20-2016 17:31:39;Kobieta;I;Inna;;58;150;Raz-dwa w miesi¹cu;Œrednio, dla towarzystwa;Tak, na czêœæ etatu;1;7;Sporadycznie;4;Jestem krótkowidzem;5;Sam gotuje/ ktoœ mi gotuje;3;0;Nie;Stancja;5;Tak;Tak;20;Nie;3.4
4-20-2016 20:02:37;Mê¿czyzna;II;Politechnika Wroc³awska;W8;60;180;Raz w tygodniu;Œrednio, dla towarzystwa;Nie;0;7;Nie;4;Wszystko OK;0;Jem na mieœcie;4;0;Nie;Stancja;8;Tak;Tak;20;Nie;4.3
4-20-2016 23:18:20;Kobieta;I;Politechnika Wroc³awska;W11;80;175;Raz-dwa w miesi¹cu;Œrednio, dla towarzystwa;Praca dorywcza;0;7.5;Nie;3;Wszystko OK;2;Sam gotuje/ ktoœ mi gotuje;5;0;Nie;Stancja;7;Tak;Nie;25;Nie;4.2
4-21-2016 10:49:04;Kobieta;III;Politechnika Wroc³awska;W11;55;168;Raz-dwa w miesi¹cu;Œrednio, lubiê czuæ siê wstawionym;Tak, na czêœæ etatu;1;7;Nie;3;Wszystko OK;3;Sam gotuje/ ktoœ mi gotuje;4;1;Nie;Stancja;5;Tak;Sporadycznie;50;Nie;4
4-21-2016 11:14:30;Kobieta;nie jestem studentem/studentk¹;;;61;159;Rzadko;Ma³o, dla smaku;Nie;1;6.5;Tak;1;Jestem dalekowidzem;2;Sam gotuje/ ktoœ mi gotuje;3;;Tak;Dom rodzinny;0.5;Tak;Sporadycznie;;Nie;
4-21-2016 11:21:50;Mê¿czyzna;nie jestem studentem/studentk¹;Inna;;70;163;Codziennie;Ma³o, dla smaku;Nie;1;6.5;Nie;1;Inne ( nie jestem krótkowidzem, ani dalekowidzem, ale mam wadê);2;Sam gotuje/ ktoœ mi gotuje;3;;Tak;Dom rodzinny;2.5;Nie;Sporadycznie;;Nie;
4-21-2016 11:25:35;Mê¿czyzna;I;Politechnika Wroc³awska;W8;60;173;Kilka razy w tygodniu;Œrednio, dla towarzystwa;Praca dorywcza;0;6;Nie;1;Jestem krótkowidzem;10;Sam gotuje/ ktoœ mi gotuje;4;0;Nie;Akademik;4.5;Tak;Sporadycznie;6;Nie;4.1
4-21-2016 11:29:02;Kobieta;III;Uniwersytet Przyrodniczy;;58;161;Raz w tygodniu;Œrednio, dla towarzystwa;Praca dorywcza;1;6;Nie;2;Jestem krótkowidzem;3;Sam gotuje/ ktoœ mi gotuje;4;0;Nie;Stancja;3;Nie;Nie;4;Nie;4
4-21-2016 11:31:49;Kobieta;III;Uniwersytet Przyrodniczy;;65;170;Raz w tygodniu;Œrednio, lubiê czuæ siê wstawionym;Praca dorywcza;0;8;Nie;2;Wszystko OK;6;Sam gotuje/ ktoœ mi gotuje;5;0;Nie;Stancja;4;Nie;Tak;2.5;Nie;3.9
4-21-2016 11:33:47;Kobieta;III;Uniwersytet Przyrodniczy;;55;160;Raz w tygodniu;Œrednio, dla towarzystwa;Praca dorywcza;1;6;Nie;2;Jestem krótkowidzem;2.5;Sam gotuje/ ktoœ mi gotuje;4;0;Nie;Stancja;4;Nie;Tak;4;Nie;4
4-21-2016 11:42:42;Kobieta;IV;Politechnika Wroc³awska;W3;67;170;Raz w tygodniu;Œrednio, dla towarzystwa;Nie;0;9;Nie;3;Jestem krótkowidzem;0;Sam gotuje/ ktoœ mi gotuje;5;3;Nie;Stancja;5;Nie;Nie;3;Nie;3.8
4-21-2016 11:46:01;Kobieta;III;Inna;;69;165;Raz w tygodniu;Œrednio, dla towarzystwa;Nie;0;7;Nie;3;Wszystko OK;8;Sam gotuje/ ktoœ mi gotuje;5;0;Nie;Stancja;4;Nie;Tak;5;Nie;4
4-21-2016 11:55:54;Mê¿czyzna;IV;Politechnika Wroc³awska;W10;69;180;Kilka razy w tygodniu;Œrednio, lubiê czuæ siê wstawionym;Nie;1;7;Sporadycznie;3;Jestem krótkowidzem;5;Jem na mieœcie;4;0;Nie;Stancja;8;Nie;Nie;3;Tak;4.4
4-21-2016 12:05:15;Mê¿czyzna;III;Politechnika Wroc³awska;W11;90;178;Raz-dwa w miesi¹cu;Œrednio, lubiê czuæ siê wstawionym;Tak, na czêœæ etatu;2;7;Nie;2;Wszystko OK;8;Sam gotuje/ ktoœ mi gotuje;4;1;Nie;Dom rodzinny;3;Nie;Nie;9;Nie;4.2
4-21-2016 12:09:36;Mê¿czyzna;III;Politechnika Wroc³awska;W11;70;170;Kilka razy w tygodniu;Œrednio, lubiê czuæ siê wstawionym;Nie;0;6;Nie;2;Jestem krótkowidzem;3;Sam gotuje/ ktoœ mi gotuje;3;3;Nie;Stancja;4;Nie;Tak;3;Nie;3.8
4-21-2016 12:14:11;Mê¿czyzna;III;Politechnika Wroc³awska;W11;64;176;Raz w tygodniu;Œrednio, dla towarzystwa;Praca dorywcza;0;7;Nie;2;Jestem krótkowidzem;4;Sam gotuje/ ktoœ mi gotuje;5;0;Nie;Stancja;5;Nie;Nie;4;Nie;4
4-21-2016 12:21:02;Mê¿czyzna;IV;Politechnika Wroc³awska;W11;75;186;Raz-dwa w miesi¹cu;Œrednio, dla towarzystwa;Nie;0;8;Sporadycznie;2;Jestem dalekowidzem;5;Jem na mieœcie;4;0;Nie;Akademik;8;Nie;Nie;5;Nie;3.5
4-21-2016 12:30:19;Mê¿czyzna;IV;Politechnika Wroc³awska;W10;66;173;Raz-dwa w miesi¹cu;Œrednio, lubiê czuæ siê wstawionym;Nie;0;8;Nie;1;Inne ( nie jestem krótkowidzem, ani dalekowidzem, ale mam wadê);3;Sam gotuje/ ktoœ mi gotuje;4;0;Nie;Stancja;4;Tak;Nie;10;Nie;4
4-21-2016 12:34:53;Kobieta;I;Politechnika Wroc³awska;W2;64;170;Raz-dwa w miesi¹cu;Œrednio, lubiê czuæ siê wstawionym;Praca dorywcza;2;6;Nie;3;Jestem dalekowidzem;8;Sam gotuje/ ktoœ mi gotuje;4;1;Nie;Stancja;6;Tak;Tak;15;Nie;4
4-21-2016 12:43:27;Mê¿czyzna;I;Politechnika Wroc³awska;W11;60;183;Rzadko;Œrednio, lubiê czuæ siê wstawionym;Nie;0;7.5;Nie;3;Inne ( nie jestem krótkowidzem, ani dalekowidzem, ale mam wadê);0;Przywo¿ê s³oiki z domu rodzinnego;3;1;Nie;Stancja;8;Tak;Nie;10;Nie;4.7
4-21-2016 12:47:18;Kobieta;I;Politechnika Wroc³awska;W3;52;161;Raz-dwa w miesi¹cu;Ma³o, dla smaku;Nie;0;7;Sporadycznie;4;Jestem krótkowidzem;20;Sam gotuje/ ktoœ mi gotuje;3;0;Nie;Dom rodzinny;4;Tak;Nie;30;Nie;3.97
4-21-2016 12:54:21;Kobieta;II;Politechnika Wroc³awska;W3;60;166;Raz-dwa w miesi¹cu;Œrednio, lubiê czuæ siê wstawionym;Nie;1;7;Sporadycznie;3;Jestem krótkowidzem;2;Sam gotuje/ ktoœ mi gotuje;3;2;Nie;Stancja;4;Tak;Tak;5;Nie;3.2
4-21-2016 12:56:32;Mê¿czyzna;I;Politechnika Wroc³awska;W5;82;196;Jestem abstynentem/abstynentk¹;Ma³o, dla smaku;Nie;0;7.5;Nie;2;Jestem krótkowidzem;4;Sam gotuje/ ktoœ mi gotuje;5;0;Nie;Akademik;3;Tak;Tak;14;Nie;4
4-21-2016 13:00:04;Mê¿czyzna;III;Politechnika Wroc³awska;W10;75;180;Raz-dwa w miesi¹cu;Œrednio, dla towarzystwa;Nie;0;9;Nie;2;Wszystko OK;10;Sam gotuje/ ktoœ mi gotuje;4;0;Nie;Stancja;5;Tak;Nie;5;Nie;4
4-21-2016 13:02:51;Mê¿czyzna;III;Politechnika Wroc³awska;W10;95;180;Raz w tygodniu;Œrednio, dla towarzystwa;Nie;0;8;Nie;2;Wszystko OK;10;Sam gotuje/ ktoœ mi gotuje;5;0;Nie;Akademik;5;Tak;Nie;5;Nie;3.5
4-21-2016 13:06:08;Mê¿czyzna;II;Politechnika Wroc³awska;W11;77;179;Rzadko;Ma³o, dla smaku;Nie;0;8;Nie;1;Jestem dalekowidzem;11;Sam gotuje/ ktoœ mi gotuje;5;0;Nie;Akademik;5;Nie;Nie;6;Nie;4.31
4-21-2016 13:09:30;Kobieta;II;Politechnika Wroc³awska;W11;55;165;Raz w tygodniu;Œrednio, dla towarzystwa;Praca dorywcza;0;6;Tak;3;Jestem krótkowidzem;0;Przywo¿ê s³oiki z domu rodzinnego;3;0;Nie;Akademik;8;Tak;Tak;20;Nie;5.18
4-21-2016 13:37:16;Mê¿czyzna;IV;Uniwersytet Przyrodniczy;;73;179;Kilka razy w tygodniu;Œrednio, dla towarzystwa;Nie;0;8;Nie;2;Wszystko OK;3;Sam gotuje/ ktoœ mi gotuje;4;0;Nie;Akademik;5;Nie;Nie;0;Nie;4
4-21-2016 14:30:33;Mê¿czyzna;I;Politechnika Wroc³awska;W6;66;176;Raz-dwa w miesi¹cu;Œrednio, lubiê czuæ siê wstawionym;Nie;1;8;Nie;4;Wszystko OK;5;Jem na mieœcie;5;2;Nie;Stancja;4;Tak;Nie;30;Nie;4.1
4-21-2016 14:37:52;Kobieta;II;Politechnika Wroc³awska;W3;60;170;Kilka razy w tygodniu;Œrednio, dla towarzystwa;Praca dorywcza;0;5;Nie;3;Wszystko OK;3;Przywo¿ê s³oiki z domu rodzinnego;4;0;Nie;Stancja;5;Tak;Tak;7;Nie;3.5
4-21-2016 16:52:39;Kobieta;II;Inna;;63;172;Rzadko;Ma³o, dla smaku;Nie;1;8;Sporadycznie;4;Wszystko OK;12;Sam gotuje/ ktoœ mi gotuje;3;0;Nie;Stancja;3;Nie;Nie;2;Nie;4
4-22-2016 10:26:31;Kobieta;IV;Politechnika Wroc³awska;W6;71;175;Rzadko;Œrednio, dla towarzystwa;Nie;0;6;Nie;2;Jestem dalekowidzem;3;Sam gotuje/ ktoœ mi gotuje;5;1;Nie;Stancja;4;Nie;Nie;3;Nie;4
4-22-2016 10:30:54;Kobieta;IV;Politechnika Wroc³awska;W6;55;167;Rzadko;Ma³o, dla smaku;Tak, na czêœæ etatu;0;6;Nie;3;Jestem krótkowidzem;15;Sam gotuje/ ktoœ mi gotuje;5;0;Nie;Stancja;1.5;Nie;Nie;1;Nie;4.19
4-22-2016 10:36:38;Mê¿czyzna;I;Politechnika Wroc³awska;W4;67;173;Raz-dwa w miesi¹cu;Œrednio, lubiê czuæ siê wstawionym;Nie;2;8;Sporadycznie;3;Wszystko OK;2;Sam gotuje/ ktoœ mi gotuje;4;1;Nie;Stancja;4;Tak;Sporadycznie;6;Nie;3.5
4-22-2016 10:43:41;Kobieta;IV;Politechnika Wroc³awska;W1;53;168;Raz w tygodniu;Œrednio, dla towarzystwa;Praca dorywcza;1;7.5;Nie;2;Jestem krótkowidzem;3;Sam gotuje/ ktoœ mi gotuje;5;0;Nie;Akademik;6;Tak;Tak;15;Nie;4.11
4-22-2016 11:03:29;Mê¿czyzna;I;Politechnika Wroc³awska;W4;80;183;Kilka razy w tygodniu;Œrednio, dla towarzystwa;Nie;0;7.5;Nie;1;Wszystko OK;10;Sam gotuje/ ktoœ mi gotuje;4;0;Nie;Stancja;5;Nie;Nie;1;Nie;4
4-22-2016 11:10:22;Mê¿czyzna;I;Politechnika Wroc³awska;W2;61;165;Jestem abstynentem/abstynentk¹;Œrednio, dla towarzystwa;Nie;3;6;Nie;1;Wszystko OK;6;Jem na mieœcie;4;0;Nie;Akademik;3;Tak;Nie;8;Nie;3.9
4-22-2016 11:24:35;Kobieta;I;Politechnika Wroc³awska;W11;58;172;Raz-dwa w miesi¹cu;Œrednio, dla towarzystwa;Praca dorywcza;0;6;Nie;3;Jestem krótkowidzem;6;Sam gotuje/ ktoœ mi gotuje;3;2;Nie;Dom rodzinny;3;Tak;Tak;6;Nie;4.4
4-22-2016 11:28:00;Kobieta;I;Politechnika Wroc³awska;W11;63;163;Raz-dwa w miesi¹cu;Œrednio, dla towarzystwa;Nie;1;7;Sporadycznie;3;Jestem dalekowidzem;5;Sam gotuje/ ktoœ mi gotuje;3;1;Nie;Stancja;5;Nie;Sporadycznie;8;Nie;3.8
4-22-2016 11:31:01;Kobieta;III;Politechnika Wroc³awska;W3;74;179;Kilka razy w tygodniu;Œrednio, lubiê czuæ siê wstawionym;Nie;0;7;Sporadycznie;3;Jestem krótkowidzem;4;Sam gotuje/ ktoœ mi gotuje;4;1;Nie;Stancja;6;Nie;Sporadycznie;5;Nie;3.7
4-22-2016 11:35:33;Mê¿czyzna;IV;Politechnika Wroc³awska;W11;85;182;Rzadko;Œrednio, dla towarzystwa;Tak, na czêœæ etatu;1;6;Sporadycznie;1;Inne ( nie jestem krótkowidzem, ani dalekowidzem, ale mam wadê);1;Jem na mieœcie;4;1;Nie;Dom rodzinny;5;Nie;Tak;2;Nie;3.5
4-22-2016 12:14:04;Kobieta;I;Politechnika Wroc³awska;W11;65;171;Raz-dwa w miesi¹cu;Œrednio, dla towarzystwa;Nie;1;6;Sporadycznie;3;Jestem krótkowidzem;4;Sam gotuje/ ktoœ mi gotuje;4;0;Nie;Akademik;5;Tak;Nie;20;Nie;4
4-22-2016 13:12:31;Kobieta;I;Politechnika Wroc³awska;W13;62;163;Raz-dwa w miesi¹cu;Œrednio, dla towarzystwa;Nie;0;7;Nie;3;Jestem krótkowidzem;2;Sam gotuje/ ktoœ mi gotuje;4;0;Nie;Akademik;4;Tak;Nie;4;Nie;3.7
4-22-2016 14:05:43;Kobieta;II;Uniwersytet Wroc³awski;;56;160;Raz-dwa w miesi¹cu;Œrednio, dla towarzystwa;Nie;0;8;Nie;3;Jestem krótkowidzem;1;Sam gotuje/ ktoœ mi gotuje;2;0;Nie;Akademik;6;Nie;Nie;1;Nie;3.5
4-22-2016 14:25:50;Mê¿czyzna;IV;Politechnika Wroc³awska;W6;95;192;Jestem abstynentem/abstynentk¹;Ma³o, dla smaku;Tak, na czêœæ etatu;0;7;Nie;3;Jestem krótkowidzem;4;Sam gotuje/ ktoœ mi gotuje;4;0;Nie;Akademik;3;Tak;Nie;8;Nie;4.3
